entity_type,entity_id,segment_id,slot_pos,change_type,metric_trigger,before_value,after_value,explanation
slot,US_21_slot1,AI-Powered Learners,1.0,template_and_window_updated,old_arm_label=UNKNOWN;old_ctr=0.000;new_pm=0.583,TPL_0116|early_morning,TPL_0001|late_afternoon,"TPL_0116 at early_morning had CTR=0.0% (label=UNKNOWN in AI-Powered Learners). Replaced by TPL_0001 at late_afternoon (posterior_mean=0.583, label=GOOD)."
slot,US_21_slot2,AI-Powered Learners,2.0,template_and_window_updated,old_arm_label=UNKNOWN;old_ctr=0.000;new_pm=0.583,TPL_0117|early_morning,TPL_0002|mid_morning,"TPL_0117 at early_morning had CTR=0.0% (label=UNKNOWN in AI-Powered Learners). Replaced by TPL_0002 at mid_morning (posterior_mean=0.583, label=GOOD)."
slot,US_21_slot3,AI-Powered Learners,3.0,template_and_window_updated,old_arm_label=UNKNOWN;old_ctr=0.000;new_pm=0.583,TPL_0118|early_morning,TPL_0003|night,"TPL_0118 at early_morning had CTR=0.0% (label=UNKNOWN in AI-Powered Learners). Replaced by TPL_0003 at night (posterior_mean=0.583, label=GOOD)."
slot,US_21_slot4,AI-Powered Learners,4.0,template_and_window_updated,old_arm_label=UNKNOWN;old_ctr=0.000;new_pm=0.583,TPL_0119|evening,TPL_0004|early_morning,"TPL_0119 at evening had CTR=0.0% (label=UNKNOWN in AI-Powered Learners). Replaced by TPL_0004 at early_morning (posterior_mean=0.583, label=GOOD)."
slot,US_21_slot5,AI-Powered Learners,5.0,template_and_window_updated,old_arm_label=UNKNOWN;old_ctr=0.000;new_pm=0.583,TPL_0120|evening,TPL_0005|early_morning,"TPL_0120 at evening had CTR=0.0% (label=UNKNOWN in AI-Powered Learners). Replaced by TPL_0005 at early_morning (posterior_mean=0.583, label=GOOD)."
slot,US_26_slot1,AI-Powered Learners,1.0,template_replaced,old_pm=0.500;new_pm=0.583,TPL_0116|evening,TPL_0001|evening,"TPL_0116 (posterior_mean=0.500, label=) replaced by TPL_0001 (posterior_mean=0.583, label=GOOD) in AI-Powered Learners."
slot,US_26_slot2,AI-Powered Learners,2.0,template_and_window_updated,old_arm_label=UNKNOWN;old_ctr=0.000;new_pm=0.583,TPL_0117|evening,TPL_0002|afternoon,"TPL_0117 at evening had CTR=0.0% (label=UNKNOWN in AI-Powered Learners). Replaced by TPL_0002 at afternoon (posterior_mean=0.583, label=GOOD)."
slot,US_26_slot3,AI-Powered Learners,3.0,template_and_window_updated,old_arm_label=UNKNOWN;old_ctr=0.000;new_pm=0.583,TPL_0118|evening,TPL_0003|afternoon,"TPL_0118 at evening had CTR=0.0% (label=UNKNOWN in AI-Powered Learners). Replaced by TPL_0003 at afternoon (posterior_mean=0.583, label=GOOD)."
slot,US_26_slot4,AI-Powered Learners,4.0,template_replaced,old_pm=0.500;new_pm=0.583,TPL_0119|evening,TPL_0004|evening,"TPL_0119 (posterior_mean=0.500, label=) replaced by TPL_0004 (posterior_mean=0.583, label=GOOD) in AI-Powered Learners."
slot,US_26_slot5,AI-Powered Learners,5.0,template_and_window_updated,old_arm_label=UNKNOWN;old_ctr=0.000;new_pm=0.583,TPL_0120|early_morning,TPL_0005|mid_morning,"TPL_0120 at early_morning had CTR=0.0% (label=UNKNOWN in AI-Powered Learners). Replaced by TPL_0005 at mid_morning (posterior_mean=0.583, label=GOOD)."
slot,US_26_slot6,AI-Powered Learners,6.0,template_replaced,old_pm=0.500;new_pm=0.583,TPL_0116|early_morning,TPL_0001|early_morning,"TPL_0116 (posterior_mean=0.500, label=) replaced by TPL_0001 (posterior_mean=0.583, label=GOOD) in AI-Powered Learners."
slot,US_26_slot7,AI-Powered Learners,7.0,template_and_window_updated,old_arm_label=UNKNOWN;old_ctr=0.000;new_pm=0.583,TPL_0117|early_morning,TPL_0002|late_afternoon,"TPL_0117 at early_morning had CTR=0.0% (label=UNKNOWN in AI-Powered Learners). Replaced by TPL_0002 at late_afternoon (posterior_mean=0.583, label=GOOD)."
slot,US_26_slot8,AI-Powered Learners,8.0,template_and_window_updated,old_arm_label=UNKNOWN;old_ctr=0.000;new_pm=0.583,TPL_0118|early_morning,TPL_0003|evening,"TPL_0118 at early_morning had CTR=0.0% (label=UNKNOWN in AI-Powered Learners). Replaced by TPL_0003 at evening (posterior_mean=0.583, label=GOOD)."
slot,US_36_slot1,AI-Powered Learners,1.0,template_and_window_updated,old_arm_label=UNKNOWN;old_ctr=0.000;new_pm=0.583,TPL_0116|early_morning,TPL_0001|afternoon,"TPL_0116 at early_morning had CTR=0.0% (label=UNKNOWN in AI-Powered Learners). Replaced by TPL_0001 at afternoon (posterior_mean=0.583, label=GOOD)."
slot,US_36_slot2,AI-Powered Learners,2.0,template_and_window_updated,old_arm_label=UNKNOWN;old_ctr=0.000;new_pm=0.583,TPL_0117|early_morning,TPL_0002|afternoon,"TPL_0117 at early_morning had CTR=0.0% (label=UNKNOWN in AI-Powered Learners). Replaced by TPL_0002 at afternoon (posterior_mean=0.583, label=GOOD)."
slot,US_36_slot3,AI-Powered Learners,3.0,template_and_window_updated,old_arm_label=UNKNOWN;old_ctr=0.000;new_pm=0.583,TPL_0118|early_morning,TPL_0003|evening,"TPL_0118 at early_morning had CTR=0.0% (label=UNKNOWN in AI-Powered Learners). Replaced by TPL_0003 at evening (posterior_mean=0.583, label=GOOD)."
slot,US_36_slot4,AI-Powered Learners,4.0,template_replaced,old_pm=0.500;new_pm=0.583,TPL_0119|evening,TPL_0004|evening,"TPL_0119 (posterior_mean=0.500, label=) replaced by TPL_0004 (posterior_mean=0.583, label=GOOD) in AI-Powered Learners."
slot,US_36_slot5,AI-Powered Learners,5.0,template_and_window_updated,old_arm_label=UNKNOWN;old_ctr=0.000;new_pm=0.583,TPL_0120|evening,TPL_0005|afternoon,"TPL_0120 at evening had CTR=0.0% (label=UNKNOWN in AI-Powered Learners). Replaced by TPL_0005 at afternoon (posterior_mean=0.583, label=GOOD)."
slot,US_49_slot1,AI-Powered Learners,1.0,template_and_window_updated,old_arm_label=UNKNOWN;old_ctr=0.000;new_pm=0.583,TPL_0106|early_morning,TPL_0001|mid_morning,"TPL_0106 at early_morning had CTR=0.0% (label=UNKNOWN in AI-Powered Learners). Replaced by TPL_0001 at mid_morning (posterior_mean=0.583, label=GOOD)."
slot,US_49_slot2,AI-Powered Learners,2.0,template_and_window_updated,old_arm_label=UNKNOWN;old_ctr=0.000;new_pm=0.583,TPL_0107|early_morning,TPL_0002|late_afternoon,"TPL_0107 at early_morning had CTR=0.0% (label=UNKNOWN in AI-Powered Learners). Replaced by TPL_0002 at late_afternoon (posterior_mean=0.583, label=GOOD)."
slot,US_49_slot3,AI-Powered Learners,3.0,template_and_window_updated,old_arm_label=UNKNOWN;old_ctr=0.000;new_pm=0.583,TPL_0108|early_morning,TPL_0003|late_afternoon,"TPL_0108 at early_morning had CTR=0.0% (label=UNKNOWN in AI-Powered Learners). Replaced by TPL_0003 at late_afternoon (posterior_mean=0.583, label=GOOD)."
slot,US_49_slot4,AI-Powered Learners,4.0,template_and_window_updated,old_arm_label=UNKNOWN;old_ctr=0.000;new_pm=0.583,TPL_0109|evening,TPL_0004|mid_morning,"TPL_0109 at evening had CTR=0.0% (label=UNKNOWN in AI-Powered Learners). Replaced by TPL_0004 at mid_morning (posterior_mean=0.583, label=GOOD)."
slot,US_49_slot5,AI-Powered Learners,5.0,template_and_window_updated,old_arm_label=UNKNOWN;old_ctr=0.000;new_pm=0.583,TPL_0110|evening,TPL_0005|late_afternoon,"TPL_0110 at evening had CTR=0.0% (label=UNKNOWN in AI-Powered Learners). Replaced by TPL_0005 at late_afternoon (posterior_mean=0.583, label=GOOD)."
slot,US_14_slot1,At-Risk Trialists,1.0,template_and_window_updated,old_arm_label=UNKNOWN;old_ctr=0.000;new_pm=0.528,TPL_0076|mid_morning,TPL_0006|night,"TPL_0076 at mid_morning had CTR=0.0% (label=UNKNOWN in At-Risk Trialists). Replaced by TPL_0006 at night (posterior_mean=0.528, label=GOOD)."
slot,US_14_slot2,At-Risk Trialists,2.0,template_and_window_updated,old_arm_label=UNKNOWN;old_ctr=0.000;new_pm=0.500,TPL_0077|mid_morning,TPL_0007|evening,"TPL_0077 at mid_morning had CTR=0.0% (label=UNKNOWN in At-Risk Trialists). Replaced by TPL_0007 at evening (posterior_mean=0.500, label=NEUTRAL)."
slot,US_14_slot3,At-Risk Trialists,3.0,template_and_window_updated,old_arm_label=UNKNOWN;old_ctr=0.000;new_pm=0.500,TPL_0078|afternoon,TPL_0008|late_afternoon,"TPL_0078 at afternoon had CTR=0.0% (label=UNKNOWN in At-Risk Trialists). Replaced by TPL_0008 at late_afternoon (posterior_mean=0.500, label=NEUTRAL)."
slot,US_16_slot1,At-Risk Trialists,1.0,template_and_window_updated,old_arm_label=UNKNOWN;old_ctr=0.000;new_pm=0.528,TPL_0076|evening,TPL_0006|afternoon,"TPL_0076 at evening had CTR=0.0% (label=UNKNOWN in At-Risk Trialists). Replaced by TPL_0006 at afternoon (posterior_mean=0.528, label=GOOD)."
slot,US_16_slot2,At-Risk Trialists,2.0,template_and_window_updated,old_arm_label=UNKNOWN;old_ctr=0.000;new_pm=0.500,TPL_0077|evening,TPL_0007|night,"TPL_0077 at evening had CTR=0.0% (label=UNKNOWN in At-Risk Trialists). Replaced by TPL_0007 at night (posterior_mean=0.500, label=NEUTRAL)."
slot,US_16_slot3,At-Risk Trialists,3.0,template_replaced,old_pm=0.500;new_pm=0.500,TPL_0078|afternoon,TPL_0008|afternoon,"TPL_0078 (posterior_mean=0.500, label=) replaced by TPL_0008 (posterior_mean=0.500, label=NEUTRAL) in At-Risk Trialists."
slot,US_43_slot1,At-Risk Trialists,1.0,template_and_window_updated,old_arm_label=UNKNOWN;old_ctr=0.000;new_pm=0.528,TPL_0086|evening,TPL_0006|afternoon,"TPL_0086 at evening had CTR=0.0% (label=UNKNOWN in At-Risk Trialists). Replaced by TPL_0006 at afternoon (posterior_mean=0.528, label=GOOD)."
slot,US_43_slot2,At-Risk Trialists,2.0,template_and_window_updated,old_arm_label=UNKNOWN;old_ctr=0.000;new_pm=0.500,TPL_0087|evening,TPL_0007|afternoon,"TPL_0087 at evening had CTR=0.0% (label=UNKNOWN in At-Risk Trialists). Replaced by TPL_0007 at afternoon (posterior_mean=0.500, label=NEUTRAL)."
slot,US_43_slot3,At-Risk Trialists,3.0,template_and_window_updated,old_arm_label=UNKNOWN;old_ctr=0.000;new_pm=0.500,TPL_0088|afternoon,TPL_0008|early_morning,"TPL_0088 at afternoon had CTR=0.0% (label=UNKNOWN in At-Risk Trialists). Replaced by TPL_0008 at early_morning (posterior_mean=0.500, label=NEUTRAL)."
slot,US_51_slot1,At-Risk Trialists,1.0,template_and_window_updated,old_arm_label=UNKNOWN;old_ctr=0.000;new_pm=0.528,TPL_0076|mid_morning,TPL_0006|night,"TPL_0076 at mid_morning had CTR=0.0% (label=UNKNOWN in At-Risk Trialists). Replaced by TPL_0006 at night (posterior_mean=0.528, label=GOOD)."
slot,US_51_slot2,At-Risk Trialists,2.0,template_and_window_updated,old_arm_label=UNKNOWN;old_ctr=0.000;new_pm=0.500,TPL_0077|mid_morning,TPL_0007|night,"TPL_0077 at mid_morning had CTR=0.0% (label=UNKNOWN in At-Risk Trialists). Replaced by TPL_0007 at night (posterior_mean=0.500, label=NEUTRAL)."
slot,US_51_slot3,At-Risk Trialists,3.0,template_and_window_updated,old_arm_label=UNKNOWN;old_ctr=0.000;new_pm=0.500,TPL_0078|afternoon,TPL_0008|mid_morning,"TPL_0078 at afternoon had CTR=0.0% (label=UNKNOWN in At-Risk Trialists). Replaced by TPL_0008 at mid_morning (posterior_mean=0.500, label=NEUTRAL)."
slot,US_53_slot1,At-Risk Trialists,1.0,template_and_window_updated,old_arm_label=UNKNOWN;old_ctr=0.000;new_pm=0.528,TPL_0086|evening,TPL_0006|afternoon,"TPL_0086 at evening had CTR=0.0% (label=UNKNOWN in At-Risk Trialists). Replaced by TPL_0006 at afternoon (posterior_mean=0.528, label=GOOD)."
slot,US_53_slot2,At-Risk Trialists,2.0,template_and_window_updated,old_arm_label=UNKNOWN;old_ctr=0.000;new_pm=0.500,TPL_0087|evening,TPL_0007|night,"TPL_0087 at evening had CTR=0.0% (label=UNKNOWN in At-Risk Trialists). Replaced by TPL_0007 at night (posterior_mean=0.500, label=NEUTRAL)."
slot,US_53_slot3,At-Risk Trialists,3.0,template_and_window_updated,old_arm_label=UNKNOWN;old_ctr=0.000;new_pm=0.500,TPL_0088|afternoon,TPL_0008|mid_morning,"TPL_0088 at afternoon had CTR=0.0% (label=UNKNOWN in At-Risk Trialists). Replaced by TPL_0008 at mid_morning (posterior_mean=0.500, label=NEUTRAL)."
slot,US_8_slot1,At-Risk Trialists,1.0,template_and_window_updated,old_arm_label=UNKNOWN;old_ctr=0.000;new_pm=0.528,TPL_0081|afternoon,TPL_0006|early_morning,"TPL_0081 at afternoon had CTR=0.0% (label=UNKNOWN in At-Risk Trialists). Replaced by TPL_0006 at early_morning (posterior_mean=0.528, label=GOOD)."
slot,US_8_slot2,At-Risk Trialists,2.0,template_replaced,old_pm=0.500;new_pm=0.500,TPL_0082|afternoon,TPL_0007|afternoon,"TPL_0082 (posterior_mean=0.500, label=) replaced by TPL_0007 (posterior_mean=0.500, label=NEUTRAL) in At-Risk Trialists."
slot,US_8_slot3,At-Risk Trialists,3.0,template_and_window_updated,old_arm_label=UNKNOWN;old_ctr=0.000;new_pm=0.500,TPL_0083|mid_morning,TPL_0008|early_morning,"TPL_0083 at mid_morning had CTR=0.0% (label=UNKNOWN in At-Risk Trialists). Replaced by TPL_0008 at early_morning (posterior_mean=0.500, label=NEUTRAL)."
slot,US_13_slot1,Community Builders,1.0,template_and_window_updated,old_arm_label=UNKNOWN;old_ctr=0.000;new_pm=0.583,TPL_0091|early_morning,TPL_0011|night,"TPL_0091 at early_morning had CTR=0.0% (label=UNKNOWN in Community Builders). Replaced by TPL_0011 at night (posterior_mean=0.583, label=GOOD)."
slot,US_13_slot2,Community Builders,2.0,template_and_window_updated,old_arm_label=UNKNOWN;old_ctr=0.000;new_pm=0.583,TPL_0092|early_morning,TPL_0012|mid_morning,"TPL_0092 at early_morning had CTR=0.0% (label=UNKNOWN in Community Builders). Replaced by TPL_0012 at mid_morning (posterior_mean=0.583, label=GOOD)."
slot,US_13_slot3,Community Builders,3.0,template_and_window_updated,old_arm_label=UNKNOWN;old_ctr=0.000;new_pm=0.583,TPL_0093|early_morning,TPL_0013|evening,"TPL_0093 at early_morning had CTR=0.0% (label=UNKNOWN in Community Builders). Replaced by TPL_0013 at evening (posterior_mean=0.583, label=GOOD)."
slot,US_13_slot4,Community Builders,4.0,template_and_window_updated,old_arm_label=UNKNOWN;old_ctr=0.000;new_pm=0.528,TPL_0094|night,TPL_0014|early_morning,"TPL_0094 at night had CTR=0.0% (label=UNKNOWN in Community Builders). Replaced by TPL_0014 at early_morning (posterior_mean=0.528, label=GOOD)."
slot,US_13_slot5,Community Builders,5.0,template_replaced,old_pm=0.500;new_pm=0.528,TPL_0095|night,TPL_0015|night,"TPL_0095 (posterior_mean=0.500, label=) replaced by TPL_0015 (posterior_mean=0.528, label=GOOD) in Community Builders."
slot,US_32_slot1,Community Builders,1.0,template_and_window_updated,old_arm_label=UNKNOWN;old_ctr=0.000;new_pm=0.583,TPL_0101|night,TPL_0011|evening,"TPL_0101 at night had CTR=0.0% (label=UNKNOWN in Community Builders). Replaced by TPL_0011 at evening (posterior_mean=0.583, label=GOOD)."
slot,US_32_slot2,Community Builders,2.0,template_and_window_updated,old_arm_label=UNKNOWN;old_ctr=0.000;new_pm=0.583,TPL_0102|night,TPL_0012|evening,"TPL_0102 at night had CTR=0.0% (label=UNKNOWN in Community Builders). Replaced by TPL_0012 at evening (posterior_mean=0.583, label=GOOD)."
slot,US_32_slot3,Community Builders,3.0,template_and_window_updated,old_arm_label=UNKNOWN;old_ctr=0.000;new_pm=0.583,TPL_0103|night,TPL_0013|afternoon,"TPL_0103 at night had CTR=0.0% (label=UNKNOWN in Community Builders). Replaced by TPL_0013 at afternoon (posterior_mean=0.583, label=GOOD)."
slot,US_32_slot4,Community Builders,4.0,template_and_window_updated,old_arm_label=UNKNOWN;old_ctr=0.000;new_pm=0.528,TPL_0104|early_morning,TPL_0014|mid_morning,"TPL_0104 at early_morning had CTR=0.0% (label=UNKNOWN in Community Builders). Replaced by TPL_0014 at mid_morning (posterior_mean=0.528, label=GOOD)."
slot,US_32_slot5,Community Builders,5.0,template_and_window_updated,old_arm_label=UNKNOWN;old_ctr=0.000;new_pm=0.528,TPL_0105|early_morning,TPL_0015|night,"TPL_0105 at early_morning had CTR=0.0% (label=UNKNOWN in Community Builders). Replaced by TPL_0015 at night (posterior_mean=0.528, label=GOOD)."
slot,US_41_slot1,Core Curriculum Users,1.0,template_replaced,old_pm=0.500;new_pm=0.556,TPL_0136|late_afternoon,TPL_0016|late_afternoon,"TPL_0136 (posterior_mean=0.500, label=) replaced by TPL_0016 (posterior_mean=0.556, label=GOOD) in Core Curriculum Users."
slot,US_41_slot2,Core Curriculum Users,2.0,template_and_window_updated,old_arm_label=UNKNOWN;old_ctr=0.000;new_pm=0.556,TPL_0137|late_afternoon,TPL_0017|early_morning,"TPL_0137 at late_afternoon had CTR=0.0% (label=UNKNOWN in Core Curriculum Users). Replaced by TPL_0017 at early_morning (posterior_mean=0.556, label=GOOD)."
slot,US_41_slot3,Core Curriculum Users,3.0,template_replaced,old_pm=0.500;new_pm=0.556,TPL_0138|late_afternoon,TPL_0018|late_afternoon,"TPL_0138 (posterior_mean=0.500, label=) replaced by TPL_0018 (posterior_mean=0.556, label=GOOD) in Core Curriculum Users."
slot,US_41_slot4,Core Curriculum Users,4.0,template_and_window_updated,old_arm_label=UNKNOWN;old_ctr=0.000;new_pm=0.556,TPL_0139|late_afternoon,TPL_0019|evening,"TPL_0139 at late_afternoon had CTR=0.0% (label=UNKNOWN in Core Curriculum Users). Replaced by TPL_0019 at evening (posterior_mean=0.556, label=GOOD)."
slot,US_41_slot5,Core Curriculum Users,5.0,template_and_window_updated,old_arm_label=UNKNOWN;old_ctr=0.000;new_pm=0.556,TPL_0140|late_afternoon,TPL_0020|afternoon,"TPL_0140 at late_afternoon had CTR=0.0% (label=UNKNOWN in Core Curriculum Users). Replaced by TPL_0020 at afternoon (posterior_mean=0.556, label=GOOD)."
slot,US_10_slot1,Dormant Users,1.0,template_replaced,old_pm=0.500;new_pm=0.472,TPL_0061|early_morning,TPL_0021|early_morning,"TPL_0061 (posterior_mean=0.500, label=) replaced by TPL_0021 (posterior_mean=0.472, label=NEUTRAL) in Dormant Users."
slot,US_10_slot2,Dormant Users,2.0,slot_dropped,slot_dropped_by_frequency_guardrail,TPL_0062|early_morning,null,Slot was active in iter0 (TPL_0062 at early_morning) but removed in iter1. Frequency guardrail reduced total notifications for Dormant Users.
slot,US_10_slot3,Dormant Users,3.0,slot_dropped,slot_dropped_by_frequency_guardrail,TPL_0063|evening,null,Slot was active in iter0 (TPL_0063 at evening) but removed in iter1. Frequency guardrail reduced total notifications for Dormant Users.
slot,US_11_slot1,Dormant Users,1.0,template_replaced,old_pm=0.500;new_pm=0.472,TPL_0061|early_morning,TPL_0021|early_morning,"TPL_0061 (posterior_mean=0.500, label=) replaced by TPL_0021 (posterior_mean=0.472, label=NEUTRAL) in Dormant Users."
slot,US_11_slot2,Dormant Users,2.0,slot_dropped,slot_dropped_by_frequency_guardrail,TPL_0062|early_morning,null,Slot was active in iter0 (TPL_0062 at early_morning) but removed in iter1. Frequency guardrail reduced total notifications for Dormant Users.
slot,US_11_slot3,Dormant Users,3.0,slot_dropped,slot_dropped_by_frequency_guardrail,TPL_0063|evening,null,Slot was active in iter0 (TPL_0063 at evening) but removed in iter1. Frequency guardrail reduced total notifications for Dormant Users.
slot,US_34_slot1,Dormant Users,1.0,template_and_window_updated,old_arm_label=UNKNOWN;old_ctr=0.000;new_pm=0.472,TPL_0061|afternoon,TPL_0021|night,"TPL_0061 at afternoon had CTR=0.0% (label=UNKNOWN in Dormant Users). Replaced by TPL_0021 at night (posterior_mean=0.472, label=NEUTRAL)."
slot,US_34_slot2,Dormant Users,2.0,slot_dropped,slot_dropped_by_frequency_guardrail,TPL_0062|afternoon,null,Slot was active in iter0 (TPL_0062 at afternoon) but removed in iter1. Frequency guardrail reduced total notifications for Dormant Users.
slot,US_34_slot3,Dormant Users,3.0,slot_dropped,slot_dropped_by_frequency_guardrail,TPL_0063|early_morning,null,Slot was active in iter0 (TPL_0063 at early_morning) but removed in iter1. Frequency guardrail reduced total notifications for Dormant Users.
slot,US_42_slot1,Dormant Users,1.0,template_and_window_updated,old_arm_label=UNKNOWN;old_ctr=0.000;new_pm=0.472,TPL_0061|afternoon,TPL_0021|late_afternoon,"TPL_0061 at afternoon had CTR=0.0% (label=UNKNOWN in Dormant Users). Replaced by TPL_0021 at late_afternoon (posterior_mean=0.472, label=NEUTRAL)."
slot,US_42_slot2,Dormant Users,2.0,slot_dropped,slot_dropped_by_frequency_guardrail,TPL_0062|afternoon,null,Slot was active in iter0 (TPL_0062 at afternoon) but removed in iter1. Frequency guardrail reduced total notifications for Dormant Users.
slot,US_42_slot3,Dormant Users,3.0,slot_dropped,slot_dropped_by_frequency_guardrail,TPL_0063|early_morning,null,Slot was active in iter0 (TPL_0063 at early_morning) but removed in iter1. Frequency guardrail reduced total notifications for Dormant Users.
slot,US_46_slot1,Dormant Users,1.0,template_replaced,old_pm=0.500;new_pm=0.472,TPL_0061|night,TPL_0021|night,"TPL_0061 (posterior_mean=0.500, label=) replaced by TPL_0021 (posterior_mean=0.472, label=NEUTRAL) in Dormant Users."
slot,US_46_slot2,Dormant Users,2.0,slot_dropped,slot_dropped_by_frequency_guardrail,TPL_0062|night,null,Slot was active in iter0 (TPL_0062 at night) but removed in iter1. Frequency guardrail reduced total notifications for Dormant Users.
slot,US_46_slot3,Dormant Users,3.0,slot_dropped,slot_dropped_by_frequency_guardrail,TPL_0063|early_morning,null,Slot was active in iter0 (TPL_0063 at early_morning) but removed in iter1. Frequency guardrail reduced total notifications for Dormant Users.
slot,US_57_slot1,Dormant Users,1.0,template_replaced,old_pm=0.500;new_pm=0.472,TPL_0061|night,TPL_0021|night,"TPL_0061 (posterior_mean=0.500, label=) replaced by TPL_0021 (posterior_mean=0.472, label=NEUTRAL) in Dormant Users."
slot,US_57_slot2,Dormant Users,2.0,slot_dropped,slot_dropped_by_frequency_guardrail,TPL_0062|night,null,Slot was active in iter0 (TPL_0062 at night) but removed in iter1. Frequency guardrail reduced total notifications for Dormant Users.
slot,US_57_slot3,Dormant Users,3.0,slot_dropped,slot_dropped_by_frequency_guardrail,TPL_0063|early_morning,null,Slot was active in iter0 (TPL_0063 at early_morning) but removed in iter1. Frequency guardrail reduced total notifications for Dormant Users.
slot,US_58_slot1,Dormant Users,1.0,template_and_window_updated,old_arm_label=UNKNOWN;old_ctr=0.000;new_pm=0.472,TPL_0061|early_morning,TPL_0021|evening,"TPL_0061 at early_morning had CTR=0.0% (label=UNKNOWN in Dormant Users). Replaced by TPL_0021 at evening (posterior_mean=0.472, label=NEUTRAL)."
slot,US_58_slot2,Dormant Users,2.0,slot_dropped,slot_dropped_by_frequency_guardrail,TPL_0062|early_morning,null,Slot was active in iter0 (TPL_0062 at early_morning) but removed in iter1. Frequency guardrail reduced total notifications for Dormant Users.
slot,US_58_slot3,Dormant Users,3.0,slot_dropped,slot_dropped_by_frequency_guardrail,TPL_0063|evening,null,Slot was active in iter0 (TPL_0063 at evening) but removed in iter1. Frequency guardrail reduced total notifications for Dormant Users.
slot,US_7_slot1,Dormant Users,1.0,template_and_window_updated,old_arm_label=UNKNOWN;old_ctr=0.000;new_pm=0.472,TPL_0061|evening,TPL_0021|early_morning,"TPL_0061 at evening had CTR=0.0% (label=UNKNOWN in Dormant Users). Replaced by TPL_0021 at early_morning (posterior_mean=0.472, label=NEUTRAL)."
slot,US_7_slot2,Dormant Users,2.0,slot_dropped,slot_dropped_by_frequency_guardrail,TPL_0062|evening,null,Slot was active in iter0 (TPL_0062 at evening) but removed in iter1. Frequency guardrail reduced total notifications for Dormant Users.
slot,US_7_slot3,Dormant Users,3.0,slot_dropped,slot_dropped_by_frequency_guardrail,TPL_0063|early_morning,null,Slot was active in iter0 (TPL_0063 at early_morning) but removed in iter1. Frequency guardrail reduced total notifications for Dormant Users.
slot,US_12_slot1,Flight-Risk Subscribers,1.0,template_and_window_updated,old_arm_label=GOOD;old_ctr=0.333;new_pm=0.611,TPL_0001|evening,TPL_0026|mid_morning,"TPL_0001 at evening had CTR=33.3% (label=GOOD in Flight-Risk Subscribers). Replaced by TPL_0026 at mid_morning (posterior_mean=0.611, label=GOOD)."
slot,US_12_slot2,Flight-Risk Subscribers,2.0,template_and_window_updated,old_arm_label=GOOD;old_ctr=0.324;new_pm=0.611,TPL_0002|evening,TPL_0027|late_afternoon,"TPL_0002 at evening had CTR=32.4% (label=GOOD in Flight-Risk Subscribers). Replaced by TPL_0027 at late_afternoon (posterior_mean=0.611, label=GOOD)."
slot,US_12_slot3,Flight-Risk Subscribers,3.0,template_and_window_updated,old_arm_label=UNKNOWN;old_ctr=0.000;new_pm=0.583,TPL_0003|afternoon,TPL_0028|evening,"TPL_0003 at afternoon had CTR=0.0% (label=UNKNOWN in Flight-Risk Subscribers). Replaced by TPL_0028 at evening (posterior_mean=0.583, label=GOOD)."
slot,US_17_slot1,Flight-Risk Subscribers,1.0,template_and_window_updated,old_arm_label=GOOD;old_ctr=0.333;new_pm=0.611,TPL_0001|evening,TPL_0026|mid_morning,"TPL_0001 at evening had CTR=33.3% (label=GOOD in Flight-Risk Subscribers). Replaced by TPL_0026 at mid_morning (posterior_mean=0.611, label=GOOD)."
slot,US_17_slot2,Flight-Risk Subscribers,2.0,template_and_window_updated,old_arm_label=GOOD;old_ctr=0.324;new_pm=0.611,TPL_0002|evening,TPL_0027|mid_morning,"TPL_0002 at evening had CTR=32.4% (label=GOOD in Flight-Risk Subscribers). Replaced by TPL_0027 at mid_morning (posterior_mean=0.611, label=GOOD)."
slot,US_17_slot3,Flight-Risk Subscribers,3.0,template_replaced,old_pm=0.583;new_pm=0.583,TPL_0003|evening,TPL_0028|evening,"TPL_0003 (posterior_mean=0.583, label=GOOD) replaced by TPL_0028 (posterior_mean=0.583, label=GOOD) in Flight-Risk Subscribers."
slot,US_17_slot4,Flight-Risk Subscribers,4.0,template_replaced,old_pm=0.583;new_pm=0.556,TPL_0004|afternoon,TPL_0029|afternoon,"TPL_0004 (posterior_mean=0.583, label=GOOD) replaced by TPL_0029 (posterior_mean=0.556, label=GOOD) in Flight-Risk Subscribers."
slot,US_17_slot5,Flight-Risk Subscribers,5.0,template_and_window_updated,old_arm_label=UNKNOWN;old_ctr=0.000;new_pm=0.528,TPL_0005|night,TPL_0030|late_afternoon,"TPL_0005 at night had CTR=0.0% (label=UNKNOWN in Flight-Risk Subscribers). Replaced by TPL_0030 at late_afternoon (posterior_mean=0.528, label=GOOD)."
slot,US_19_slot1,Flight-Risk Subscribers,1.0,template_and_window_updated,old_arm_label=GOOD;old_ctr=0.333;new_pm=0.611,TPL_0001|evening,TPL_0026|late_afternoon,"TPL_0001 at evening had CTR=33.3% (label=GOOD in Flight-Risk Subscribers). Replaced by TPL_0026 at late_afternoon (posterior_mean=0.611, label=GOOD)."
slot,US_19_slot2,Flight-Risk Subscribers,2.0,template_and_window_updated,old_arm_label=GOOD;old_ctr=0.324;new_pm=0.611,TPL_0002|evening,TPL_0027|afternoon,"TPL_0002 at evening had CTR=32.4% (label=GOOD in Flight-Risk Subscribers). Replaced by TPL_0027 at afternoon (posterior_mean=0.611, label=GOOD)."
slot,US_19_slot3,Flight-Risk Subscribers,3.0,template_and_window_updated,old_arm_label=UNKNOWN;old_ctr=0.000;new_pm=0.583,TPL_0003|afternoon,TPL_0028|night,"TPL_0003 at afternoon had CTR=0.0% (label=UNKNOWN in Flight-Risk Subscribers). Replaced by TPL_0028 at night (posterior_mean=0.583, label=GOOD)."
slot,US_1_slot1,Flight-Risk Subscribers,1.0,template_and_window_updated,old_arm_label=GOOD;old_ctr=0.522;new_pm=0.611,TPL_0001|early_morning,TPL_0026|night,"TPL_0001 at early_morning had CTR=52.2% (label=GOOD in Flight-Risk Subscribers). Replaced by TPL_0026 at night (posterior_mean=0.611, label=GOOD)."
slot,US_1_slot2,Flight-Risk Subscribers,2.0,template_and_window_updated,old_arm_label=GOOD;old_ctr=0.458;new_pm=0.611,TPL_0002|early_morning,TPL_0027|evening,"TPL_0002 at early_morning had CTR=45.8% (label=GOOD in Flight-Risk Subscribers). Replaced by TPL_0027 at evening (posterior_mean=0.611, label=GOOD)."
slot,US_1_slot3,Flight-Risk Subscribers,3.0,template_and_window_updated,old_arm_label=GOOD;old_ctr=0.379;new_pm=0.583,TPL_0003|early_morning,TPL_0028|afternoon,"TPL_0003 at early_morning had CTR=37.9% (label=GOOD in Flight-Risk Subscribers). Replaced by TPL_0028 at afternoon (posterior_mean=0.583, label=GOOD)."
slot,US_1_slot4,Flight-Risk Subscribers,4.0,template_and_window_updated,old_arm_label=GOOD;old_ctr=0.213;new_pm=0.556,TPL_0004|evening,TPL_0029|late_afternoon,"TPL_0004 at evening had CTR=21.3% (label=GOOD in Flight-Risk Subscribers). Replaced by TPL_0029 at late_afternoon (posterior_mean=0.556, label=GOOD)."
slot,US_1_slot5,Flight-Risk Subscribers,5.0,template_replaced,old_pm=0.583;new_pm=0.528,TPL_0005|afternoon,TPL_0030|afternoon,"TPL_0005 (posterior_mean=0.583, label=GOOD) replaced by TPL_0030 (posterior_mean=0.528, label=GOOD) in Flight-Risk Subscribers."
slot,US_24_slot1,Flight-Risk Subscribers,1.0,template_and_window_updated,old_arm_label=GOOD;old_ctr=0.333;new_pm=0.611,TPL_0001|evening,TPL_0026|afternoon,"TPL_0001 at evening had CTR=33.3% (label=GOOD in Flight-Risk Subscribers). Replaced by TPL_0026 at afternoon (posterior_mean=0.611, label=GOOD)."
slot,US_24_slot2,Flight-Risk Subscribers,2.0,template_and_window_updated,old_arm_label=GOOD;old_ctr=0.324;new_pm=0.611,TPL_0002|evening,TPL_0027|early_morning,"TPL_0002 at evening had CTR=32.4% (label=GOOD in Flight-Risk Subscribers). Replaced by TPL_0027 at early_morning (posterior_mean=0.611, label=GOOD)."
slot,US_24_slot3,Flight-Risk Subscribers,3.0,template_and_window_updated,old_arm_label=GOOD;old_ctr=0.241;new_pm=0.583,TPL_0003|evening,TPL_0028|night,"TPL_0003 at evening had CTR=24.1% (label=GOOD in Flight-Risk Subscribers). Replaced by TPL_0028 at night (posterior_mean=0.583, label=GOOD)."
slot,US_24_slot4,Flight-Risk Subscribers,4.0,template_and_window_updated,old_arm_label=UNKNOWN;old_ctr=0.000;new_pm=0.556,TPL_0004|afternoon,TPL_0029|late_afternoon,"TPL_0004 at afternoon had CTR=0.0% (label=UNKNOWN in Flight-Risk Subscribers). Replaced by TPL_0029 at late_afternoon (posterior_mean=0.556, label=GOOD)."
slot,US_24_slot5,Flight-Risk Subscribers,5.0,template_and_window_updated,old_arm_label=UNKNOWN;old_ctr=0.000;new_pm=0.528,TPL_0005|night,TPL_0030|late_afternoon,"TPL_0005 at night had CTR=0.0% (label=UNKNOWN in Flight-Risk Subscribers). Replaced by TPL_0030 at late_afternoon (posterior_mean=0.528, label=GOOD)."
slot,US_31_slot1,Flight-Risk Subscribers,1.0,template_and_window_updated,old_arm_label=GOOD;old_ctr=0.333;new_pm=0.611,TPL_0001|evening,TPL_0026|afternoon,"TPL_0001 at evening had CTR=33.3% (label=GOOD in Flight-Risk Subscribers). Replaced by TPL_0026 at afternoon (posterior_mean=0.611, label=GOOD)."
slot,US_31_slot2,Flight-Risk Subscribers,2.0,template_and_window_updated,old_arm_label=GOOD;old_ctr=0.324;new_pm=0.611,TPL_0002|evening,TPL_0027|night,"TPL_0002 at evening had CTR=32.4% (label=GOOD in Flight-Risk Subscribers). Replaced by TPL_0027 at night (posterior_mean=0.611, label=GOOD)."
slot,US_31_slot3,Flight-Risk Subscribers,3.0,template_and_window_updated,old_arm_label=GOOD;old_ctr=0.241;new_pm=0.583,TPL_0003|evening,TPL_0028|late_afternoon,"TPL_0003 at evening had CTR=24.1% (label=GOOD in Flight-Risk Subscribers). Replaced by TPL_0028 at late_afternoon (posterior_mean=0.583, label=GOOD)."
slot,US_31_slot4,Flight-Risk Subscribers,4.0,template_and_window_updated,old_arm_label=UNKNOWN;old_ctr=0.000;new_pm=0.556,TPL_0004|afternoon,TPL_0029|mid_morning,"TPL_0004 at afternoon had CTR=0.0% (label=UNKNOWN in Flight-Risk Subscribers). Replaced by TPL_0029 at mid_morning (posterior_mean=0.556, label=GOOD)."
slot,US_31_slot5,Flight-Risk Subscribers,5.0,template_and_window_updated,old_arm_label=UNKNOWN;old_ctr=0.000;new_pm=0.528,TPL_0005|night,TPL_0030|afternoon,"TPL_0005 at night had CTR=0.0% (label=UNKNOWN in Flight-Risk Subscribers). Replaced by TPL_0030 at afternoon (posterior_mean=0.528, label=GOOD)."
slot,US_33_slot1,Flight-Risk Subscribers,1.0,template_and_window_updated,old_arm_label=GOOD;old_ctr=0.522;new_pm=0.611,TPL_0001|early_morning,TPL_0026|mid_morning,"TPL_0001 at early_morning had CTR=52.2% (label=GOOD in Flight-Risk Subscribers). Replaced by TPL_0026 at mid_morning (posterior_mean=0.611, label=GOOD)."
slot,US_33_slot2,Flight-Risk Subscribers,2.0,template_and_window_updated,old_arm_label=GOOD;old_ctr=0.458;new_pm=0.611,TPL_0002|early_morning,TPL_0027|late_afternoon,"TPL_0002 at early_morning had CTR=45.8% (label=GOOD in Flight-Risk Subscribers). Replaced by TPL_0027 at late_afternoon (posterior_mean=0.611, label=GOOD)."
slot,US_33_slot3,Flight-Risk Subscribers,3.0,template_and_window_updated,old_arm_label=GOOD;old_ctr=0.241;new_pm=0.583,TPL_0003|evening,TPL_0028|afternoon,"TPL_0003 at evening had CTR=24.1% (label=GOOD in Flight-Risk Subscribers). Replaced by TPL_0028 at afternoon (posterior_mean=0.583, label=GOOD)."
slot,US_38_slot1,Flight-Risk Subscribers,1.0,template_and_window_updated,old_arm_label=GOOD;old_ctr=0.333;new_pm=0.611,TPL_0001|evening,TPL_0026|night,"TPL_0001 at evening had CTR=33.3% (label=GOOD in Flight-Risk Subscribers). Replaced by TPL_0026 at night (posterior_mean=0.611, label=GOOD)."
slot,US_38_slot2,Flight-Risk Subscribers,2.0,template_replaced,old_pm=0.583;new_pm=0.611,TPL_0002|evening,TPL_0027|evening,"TPL_0002 (posterior_mean=0.583, label=GOOD) replaced by TPL_0027 (posterior_mean=0.611, label=GOOD) in Flight-Risk Subscribers."
slot,US_38_slot3,Flight-Risk Subscribers,3.0,template_and_window_updated,old_arm_label=UNKNOWN;old_ctr=0.000;new_pm=0.583,TPL_0003|afternoon,TPL_0028|evening,"TPL_0003 at afternoon had CTR=0.0% (label=UNKNOWN in Flight-Risk Subscribers). Replaced by TPL_0028 at evening (posterior_mean=0.583, label=GOOD)."
slot,US_39_slot1,Flight-Risk Subscribers,1.0,template_and_window_updated,old_arm_label=UNKNOWN;old_ctr=0.000;new_pm=0.611,TPL_0001|afternoon,TPL_0026|early_morning,"TPL_0001 at afternoon had CTR=0.0% (label=UNKNOWN in Flight-Risk Subscribers). Replaced by TPL_0026 at early_morning (posterior_mean=0.611, label=GOOD)."
slot,US_39_slot2,Flight-Risk Subscribers,2.0,template_and_window_updated,old_arm_label=UNKNOWN;old_ctr=0.000;new_pm=0.611,TPL_0002|afternoon,TPL_0027|early_morning,"TPL_0002 at afternoon had CTR=0.0% (label=UNKNOWN in Flight-Risk Subscribers). Replaced by TPL_0027 at early_morning (posterior_mean=0.611, label=GOOD)."
slot,US_39_slot3,Flight-Risk Subscribers,3.0,template_replaced,old_pm=0.583;new_pm=0.583,TPL_0003|afternoon,TPL_0028|afternoon,"TPL_0003 (posterior_mean=0.583, label=GOOD) replaced by TPL_0028 (posterior_mean=0.583, label=GOOD) in Flight-Risk Subscribers."
slot,US_39_slot4,Flight-Risk Subscribers,4.0,template_and_window_updated,old_arm_label=GOOD;old_ctr=0.213;new_pm=0.556,TPL_0004|evening,TPL_0029|mid_morning,"TPL_0004 at evening had CTR=21.3% (label=GOOD in Flight-Risk Subscribers). Replaced by TPL_0029 at mid_morning (posterior_mean=0.556, label=GOOD)."
slot,US_39_slot5,Flight-Risk Subscribers,5.0,template_replaced,old_pm=0.583;new_pm=0.528,TPL_0005|night,TPL_0030|night,"TPL_0005 (posterior_mean=0.583, label=GOOD) replaced by TPL_0030 (posterior_mean=0.528, label=GOOD) in Flight-Risk Subscribers."
slot,US_48_slot1,Flight-Risk Subscribers,1.0,template_and_window_updated,old_arm_label=GOOD;old_ctr=0.333;new_pm=0.611,TPL_0001|evening,TPL_0026|night,"TPL_0001 at evening had CTR=33.3% (label=GOOD in Flight-Risk Subscribers). Replaced by TPL_0026 at night (posterior_mean=0.611, label=GOOD)."
slot,US_48_slot2,Flight-Risk Subscribers,2.0,template_and_window_updated,old_arm_label=GOOD;old_ctr=0.324;new_pm=0.611,TPL_0002|evening,TPL_0027|late_afternoon,"TPL_0002 at evening had CTR=32.4% (label=GOOD in Flight-Risk Subscribers). Replaced by TPL_0027 at late_afternoon (posterior_mean=0.611, label=GOOD)."
slot,US_48_slot3,Flight-Risk Subscribers,3.0,template_and_window_updated,old_arm_label=UNKNOWN;old_ctr=0.000;new_pm=0.583,TPL_0003|afternoon,TPL_0028|late_afternoon,"TPL_0003 at afternoon had CTR=0.0% (label=UNKNOWN in Flight-Risk Subscribers). Replaced by TPL_0028 at late_afternoon (posterior_mean=0.583, label=GOOD)."
slot,US_52_slot1,Flight-Risk Subscribers,1.0,template_and_window_updated,old_arm_label=GOOD;old_ctr=0.333;new_pm=0.611,TPL_0001|evening,TPL_0026|early_morning,"TPL_0001 at evening had CTR=33.3% (label=GOOD in Flight-Risk Subscribers). Replaced by TPL_0026 at early_morning (posterior_mean=0.611, label=GOOD)."
slot,US_52_slot2,Flight-Risk Subscribers,2.0,template_and_window_updated,old_arm_label=GOOD;old_ctr=0.324;new_pm=0.611,TPL_0002|evening,TPL_0027|early_morning,"TPL_0002 at evening had CTR=32.4% (label=GOOD in Flight-Risk Subscribers). Replaced by TPL_0027 at early_morning (posterior_mean=0.611, label=GOOD)."
slot,US_52_slot3,Flight-Risk Subscribers,3.0,template_and_window_updated,old_arm_label=UNKNOWN;old_ctr=0.000;new_pm=0.583,TPL_0003|afternoon,TPL_0028|evening,"TPL_0003 at afternoon had CTR=0.0% (label=UNKNOWN in Flight-Risk Subscribers). Replaced by TPL_0028 at evening (posterior_mean=0.583, label=GOOD)."
slot,US_60_slot1,Flight-Risk Subscribers,1.0,template_and_window_updated,old_arm_label=UNKNOWN;old_ctr=0.000;new_pm=0.611,TPL_0001|night,TPL_0026|early_morning,"TPL_0001 at night had CTR=0.0% (label=UNKNOWN in Flight-Risk Subscribers). Replaced by TPL_0026 at early_morning (posterior_mean=0.611, label=GOOD)."
slot,US_60_slot2,Flight-Risk Subscribers,2.0,template_and_window_updated,old_arm_label=UNKNOWN;old_ctr=0.000;new_pm=0.611,TPL_0002|night,TPL_0027|late_afternoon,"TPL_0002 at night had CTR=0.0% (label=UNKNOWN in Flight-Risk Subscribers). Replaced by TPL_0027 at late_afternoon (posterior_mean=0.611, label=GOOD)."
slot,US_60_slot3,Flight-Risk Subscribers,3.0,template_and_window_updated,old_arm_label=UNKNOWN;old_ctr=0.000;new_pm=0.583,TPL_0003|night,TPL_0028|evening,"TPL_0003 at night had CTR=0.0% (label=UNKNOWN in Flight-Risk Subscribers). Replaced by TPL_0028 at evening (posterior_mean=0.583, label=GOOD)."
slot,US_60_slot4,Flight-Risk Subscribers,4.0,template_and_window_updated,old_arm_label=GOOD;old_ctr=0.213;new_pm=0.556,TPL_0004|evening,TPL_0029|afternoon,"TPL_0004 at evening had CTR=21.3% (label=GOOD in Flight-Risk Subscribers). Replaced by TPL_0029 at afternoon (posterior_mean=0.556, label=GOOD)."
slot,US_60_slot5,Flight-Risk Subscribers,5.0,template_and_window_updated,old_arm_label=UNKNOWN;old_ctr=0.000;new_pm=0.528,TPL_0005|afternoon,TPL_0030|evening,"TPL_0005 at afternoon had CTR=0.0% (label=UNKNOWN in Flight-Risk Subscribers). Replaced by TPL_0030 at evening (posterior_mean=0.528, label=GOOD)."
slot,US_25_slot1,Gamified Competitors,1.0,template_and_window_updated,old_arm_label=UNKNOWN;old_ctr=0.000;new_pm=0.583,TPL_0121|evening,TPL_0031|late_afternoon,"TPL_0121 at evening had CTR=0.0% (label=UNKNOWN in Gamified Competitors). Replaced by TPL_0031 at late_afternoon (posterior_mean=0.583, label=GOOD)."
slot,US_25_slot2,Gamified Competitors,2.0,template_replaced,old_pm=0.500;new_pm=0.583,TPL_0122|evening,TPL_0032|evening,"TPL_0122 (posterior_mean=0.500, label=) replaced by TPL_0032 (posterior_mean=0.583, label=GOOD) in Gamified Competitors."
slot,US_25_slot3,Gamified Competitors,3.0,template_and_window_updated,old_arm_label=UNKNOWN;old_ctr=0.000;new_pm=0.583,TPL_0123|evening,TPL_0033|mid_morning,"TPL_0123 at evening had CTR=0.0% (label=UNKNOWN in Gamified Competitors). Replaced by TPL_0033 at mid_morning (posterior_mean=0.583, label=GOOD)."
slot,US_25_slot4,Gamified Competitors,4.0,template_and_window_updated,old_arm_label=UNKNOWN;old_ctr=0.000;new_pm=0.583,TPL_0124|evening,TPL_0034|night,"TPL_0124 at evening had CTR=0.0% (label=UNKNOWN in Gamified Competitors). Replaced by TPL_0034 at night (posterior_mean=0.583, label=GOOD)."
slot,US_25_slot5,Gamified Competitors,5.0,template_and_window_updated,old_arm_label=UNKNOWN;old_ctr=0.000;new_pm=0.556,TPL_0125|night,TPL_0035|early_morning,"TPL_0125 at night had CTR=0.0% (label=UNKNOWN in Gamified Competitors). Replaced by TPL_0035 at early_morning (posterior_mean=0.556, label=GOOD)."
slot,US_25_slot6,Gamified Competitors,6.0,template_and_window_updated,old_arm_label=UNKNOWN;old_ctr=0.000;new_pm=0.583,TPL_0121|night,TPL_0031|late_afternoon,"TPL_0121 at night had CTR=0.0% (label=UNKNOWN in Gamified Competitors). Replaced by TPL_0031 at late_afternoon (posterior_mean=0.583, label=GOOD)."
slot,US_25_slot7,Gamified Competitors,7.0,template_and_window_updated,old_arm_label=UNKNOWN;old_ctr=0.000;new_pm=0.583,TPL_0122|night,TPL_0032|late_afternoon,"TPL_0122 at night had CTR=0.0% (label=UNKNOWN in Gamified Competitors). Replaced by TPL_0032 at late_afternoon (posterior_mean=0.583, label=GOOD)."
slot,US_25_slot8,Gamified Competitors,8.0,template_and_window_updated,old_arm_label=UNKNOWN;old_ctr=0.000;new_pm=0.583,TPL_0123|night,TPL_0033|early_morning,"TPL_0123 at night had CTR=0.0% (label=UNKNOWN in Gamified Competitors). Replaced by TPL_0033 at early_morning (posterior_mean=0.583, label=GOOD)."
slot,US_29_slot1,Gamified Competitors,1.0,template_and_window_updated,old_arm_label=UNKNOWN;old_ctr=0.000;new_pm=0.583,TPL_0121|evening,TPL_0031|night,"TPL_0121 at evening had CTR=0.0% (label=UNKNOWN in Gamified Competitors). Replaced by TPL_0031 at night (posterior_mean=0.583, label=GOOD)."
slot,US_29_slot2,Gamified Competitors,2.0,template_and_window_updated,old_arm_label=UNKNOWN;old_ctr=0.000;new_pm=0.583,TPL_0122|evening,TPL_0032|afternoon,"TPL_0122 at evening had CTR=0.0% (label=UNKNOWN in Gamified Competitors). Replaced by TPL_0032 at afternoon (posterior_mean=0.583, label=GOOD)."
slot,US_29_slot3,Gamified Competitors,3.0,template_and_window_updated,old_arm_label=UNKNOWN;old_ctr=0.000;new_pm=0.583,TPL_0123|evening,TPL_0033|late_afternoon,"TPL_0123 at evening had CTR=0.0% (label=UNKNOWN in Gamified Competitors). Replaced by TPL_0033 at late_afternoon (posterior_mean=0.583, label=GOOD)."
slot,US_29_slot4,Gamified Competitors,4.0,template_replaced,old_pm=0.500;new_pm=0.583,TPL_0124|evening,TPL_0034|evening,"TPL_0124 (posterior_mean=0.500, label=) replaced by TPL_0034 (posterior_mean=0.583, label=GOOD) in Gamified Competitors."
slot,US_29_slot5,Gamified Competitors,5.0,template_and_window_updated,old_arm_label=UNKNOWN;old_ctr=0.000;new_pm=0.556,TPL_0125|night,TPL_0035|late_afternoon,"TPL_0125 at night had CTR=0.0% (label=UNKNOWN in Gamified Competitors). Replaced by TPL_0035 at late_afternoon (posterior_mean=0.556, label=GOOD)."
slot,US_29_slot6,Gamified Competitors,6.0,template_and_window_updated,old_arm_label=UNKNOWN;old_ctr=0.000;new_pm=0.583,TPL_0121|night,TPL_0031|mid_morning,"TPL_0121 at night had CTR=0.0% (label=UNKNOWN in Gamified Competitors). Replaced by TPL_0031 at mid_morning (posterior_mean=0.583, label=GOOD)."
slot,US_29_slot7,Gamified Competitors,7.0,template_and_window_updated,old_arm_label=UNKNOWN;old_ctr=0.000;new_pm=0.583,TPL_0122|night,TPL_0032|afternoon,"TPL_0122 at night had CTR=0.0% (label=UNKNOWN in Gamified Competitors). Replaced by TPL_0032 at afternoon (posterior_mean=0.583, label=GOOD)."
slot,US_29_slot8,Gamified Competitors,8.0,template_and_window_updated,old_arm_label=UNKNOWN;old_ctr=0.000;new_pm=0.583,TPL_0123|night,TPL_0033|late_afternoon,"TPL_0123 at night had CTR=0.0% (label=UNKNOWN in Gamified Competitors). Replaced by TPL_0033 at late_afternoon (posterior_mean=0.583, label=GOOD)."
slot,US_30_slot1,Gamified Competitors,1.0,template_and_window_updated,old_arm_label=UNKNOWN;old_ctr=0.000;new_pm=0.583,TPL_0121|night,TPL_0031|evening,"TPL_0121 at night had CTR=0.0% (label=UNKNOWN in Gamified Competitors). Replaced by TPL_0031 at evening (posterior_mean=0.583, label=GOOD)."
slot,US_30_slot2,Gamified Competitors,2.0,template_replaced,old_pm=0.500;new_pm=0.583,TPL_0122|night,TPL_0032|night,"TPL_0122 (posterior_mean=0.500, label=) replaced by TPL_0032 (posterior_mean=0.583, label=GOOD) in Gamified Competitors."
slot,US_30_slot3,Gamified Competitors,3.0,template_and_window_updated,old_arm_label=UNKNOWN;old_ctr=0.000;new_pm=0.583,TPL_0123|night,TPL_0033|late_afternoon,"TPL_0123 at night had CTR=0.0% (label=UNKNOWN in Gamified Competitors). Replaced by TPL_0033 at late_afternoon (posterior_mean=0.583, label=GOOD)."
slot,US_30_slot4,Gamified Competitors,4.0,template_and_window_updated,old_arm_label=UNKNOWN;old_ctr=0.000;new_pm=0.583,TPL_0124|evening,TPL_0034|mid_morning,"TPL_0124 at evening had CTR=0.0% (label=UNKNOWN in Gamified Competitors). Replaced by TPL_0034 at mid_morning (posterior_mean=0.583, label=GOOD)."
slot,US_30_slot5,Gamified Competitors,5.0,template_and_window_updated,old_arm_label=UNKNOWN;old_ctr=0.000;new_pm=0.556,TPL_0125|evening,TPL_0035|early_morning,"TPL_0125 at evening had CTR=0.0% (label=UNKNOWN in Gamified Competitors). Replaced by TPL_0035 at early_morning (posterior_mean=0.556, label=GOOD)."
slot,US_59_slot1,Gamified Competitors,1.0,template_replaced,old_pm=0.500;new_pm=0.583,TPL_0121|night,TPL_0031|night,"TPL_0121 (posterior_mean=0.500, label=) replaced by TPL_0031 (posterior_mean=0.583, label=GOOD) in Gamified Competitors."
slot,US_59_slot2,Gamified Competitors,2.0,template_and_window_updated,old_arm_label=UNKNOWN;old_ctr=0.000;new_pm=0.583,TPL_0122|night,TPL_0032|evening,"TPL_0122 at night had CTR=0.0% (label=UNKNOWN in Gamified Competitors). Replaced by TPL_0032 at evening (posterior_mean=0.583, label=GOOD)."
slot,US_59_slot3,Gamified Competitors,3.0,template_and_window_updated,old_arm_label=UNKNOWN;old_ctr=0.000;new_pm=0.583,TPL_0123|night,TPL_0033|mid_morning,"TPL_0123 at night had CTR=0.0% (label=UNKNOWN in Gamified Competitors). Replaced by TPL_0033 at mid_morning (posterior_mean=0.583, label=GOOD)."
slot,US_59_slot4,Gamified Competitors,4.0,template_replaced,old_pm=0.500;new_pm=0.583,TPL_0124|evening,TPL_0034|evening,"TPL_0124 (posterior_mean=0.500, label=) replaced by TPL_0034 (posterior_mean=0.583, label=GOOD) in Gamified Competitors."
slot,US_59_slot5,Gamified Competitors,5.0,template_and_window_updated,old_arm_label=UNKNOWN;old_ctr=0.000;new_pm=0.556,TPL_0125|evening,TPL_0035|early_morning,"TPL_0125 at evening had CTR=0.0% (label=UNKNOWN in Gamified Competitors). Replaced by TPL_0035 at early_morning (posterior_mean=0.556, label=GOOD)."
slot,US_23_slot1,High-Intent Trialists,1.0,template_and_window_updated,old_arm_label=NEUTRAL;old_ctr=0.155;new_pm=0.556,TPL_0041|evening,TPL_0036|afternoon,"TPL_0041 at evening had CTR=15.5% (label=NEUTRAL in High-Intent Trialists). Replaced by TPL_0036 at afternoon (posterior_mean=0.556, label=GOOD)."
slot,US_23_slot2,High-Intent Trialists,2.0,template_and_window_updated,old_arm_label=NEUTRAL;old_ctr=0.103;new_pm=0.500,TPL_0042|evening,TPL_0037|late_afternoon,"TPL_0042 at evening had CTR=10.3% (label=NEUTRAL in High-Intent Trialists). Replaced by TPL_0037 at late_afternoon (posterior_mean=0.500, label=NEUTRAL)."
slot,US_23_slot3,High-Intent Trialists,3.0,template_replaced,old_pm=0.472;new_pm=0.500,TPL_0043|night,TPL_0038|night,"TPL_0043 (posterior_mean=0.472, label=NEUTRAL) replaced by TPL_0038 (posterior_mean=0.500, label=NEUTRAL) in High-Intent Trialists."
slot,US_27_slot1,High-Intent Trialists,1.0,template_and_window_updated,old_arm_label=UNKNOWN;old_ctr=0.000;new_pm=0.556,TPL_0031|early_morning,TPL_0036|night,"TPL_0031 at early_morning had CTR=0.0% (label=UNKNOWN in High-Intent Trialists). Replaced by TPL_0036 at night (posterior_mean=0.556, label=GOOD)."
slot,US_27_slot2,High-Intent Trialists,2.0,template_and_window_updated,old_arm_label=UNKNOWN;old_ctr=0.000;new_pm=0.500,TPL_0032|early_morning,TPL_0037|night,"TPL_0032 at early_morning had CTR=0.0% (label=UNKNOWN in High-Intent Trialists). Replaced by TPL_0037 at night (posterior_mean=0.500, label=NEUTRAL)."
slot,US_27_slot3,High-Intent Trialists,3.0,template_and_window_updated,old_arm_label=GOOD;old_ctr=0.348;new_pm=0.500,TPL_0033|evening,TPL_0038|afternoon,"TPL_0033 at evening had CTR=34.8% (label=GOOD in High-Intent Trialists). Replaced by TPL_0038 at afternoon (posterior_mean=0.500, label=NEUTRAL)."
slot,US_37_slot1,High-Intent Trialists,1.0,template_and_window_updated,old_arm_label=NEUTRAL;old_ctr=0.155;new_pm=0.556,TPL_0041|evening,TPL_0036|late_afternoon,"TPL_0041 at evening had CTR=15.5% (label=NEUTRAL in High-Intent Trialists). Replaced by TPL_0036 at late_afternoon (posterior_mean=0.556, label=GOOD)."
slot,US_37_slot2,High-Intent Trialists,2.0,template_and_window_updated,old_arm_label=NEUTRAL;old_ctr=0.103;new_pm=0.500,TPL_0042|evening,TPL_0037|late_afternoon,"TPL_0042 at evening had CTR=10.3% (label=NEUTRAL in High-Intent Trialists). Replaced by TPL_0037 at late_afternoon (posterior_mean=0.500, label=NEUTRAL)."
slot,US_37_slot3,High-Intent Trialists,3.0,template_and_window_updated,old_arm_label=NEUTRAL;old_ctr=0.093;new_pm=0.500,TPL_0043|night,TPL_0038|mid_morning,"TPL_0043 at night had CTR=9.3% (label=NEUTRAL in High-Intent Trialists). Replaced by TPL_0038 at mid_morning (posterior_mean=0.500, label=NEUTRAL)."
slot,US_3_slot1,High-Intent Trialists,1.0,template_and_window_updated,old_arm_label=UNKNOWN;old_ctr=0.000;new_pm=0.556,TPL_0031|mid_morning,TPL_0036|early_morning,"TPL_0031 at mid_morning had CTR=0.0% (label=UNKNOWN in High-Intent Trialists). Replaced by TPL_0036 at early_morning (posterior_mean=0.556, label=GOOD)."
slot,US_3_slot2,High-Intent Trialists,2.0,template_and_window_updated,old_arm_label=UNKNOWN;old_ctr=0.000;new_pm=0.500,TPL_0032|mid_morning,TPL_0037|late_afternoon,"TPL_0032 at mid_morning had CTR=0.0% (label=UNKNOWN in High-Intent Trialists). Replaced by TPL_0037 at late_afternoon (posterior_mean=0.500, label=NEUTRAL)."
slot,US_3_slot3,High-Intent Trialists,3.0,template_and_window_updated,old_arm_label=GOOD;old_ctr=0.348;new_pm=0.500,TPL_0033|evening,TPL_0038|afternoon,"TPL_0033 at evening had CTR=34.8% (label=GOOD in High-Intent Trialists). Replaced by TPL_0038 at afternoon (posterior_mean=0.500, label=NEUTRAL)."
slot,US_40_slot1,High-Intent Trialists,1.0,template_and_window_updated,old_arm_label=GOOD;old_ctr=0.484;new_pm=0.556,TPL_0031|evening,TPL_0036|night,"TPL_0031 at evening had CTR=48.4% (label=GOOD in High-Intent Trialists). Replaced by TPL_0036 at night (posterior_mean=0.556, label=GOOD)."
slot,US_40_slot2,High-Intent Trialists,2.0,template_replaced,old_pm=0.583;new_pm=0.500,TPL_0032|evening,TPL_0037|evening,"TPL_0032 (posterior_mean=0.583, label=GOOD) replaced by TPL_0037 (posterior_mean=0.500, label=NEUTRAL) in High-Intent Trialists."
slot,US_40_slot3,High-Intent Trialists,3.0,template_and_window_updated,old_arm_label=GOOD;old_ctr=0.384;new_pm=0.500,TPL_0033|night,TPL_0038|mid_morning,"TPL_0033 at night had CTR=38.4% (label=GOOD in High-Intent Trialists). Replaced by TPL_0038 at mid_morning (posterior_mean=0.500, label=NEUTRAL)."
slot,US_44_slot1,High-Intent Trialists,1.0,template_replaced,old_pm=0.583;new_pm=0.556,TPL_0031|mid_morning,TPL_0036|mid_morning,"TPL_0031 (posterior_mean=0.583, label=GOOD) replaced by TPL_0036 (posterior_mean=0.556, label=GOOD) in High-Intent Trialists."
slot,US_44_slot2,High-Intent Trialists,2.0,template_and_window_updated,old_arm_label=UNKNOWN;old_ctr=0.000;new_pm=0.500,TPL_0032|mid_morning,TPL_0037|early_morning,"TPL_0032 at mid_morning had CTR=0.0% (label=UNKNOWN in High-Intent Trialists). Replaced by TPL_0037 at early_morning (posterior_mean=0.500, label=NEUTRAL)."
slot,US_44_slot3,High-Intent Trialists,3.0,template_and_window_updated,old_arm_label=GOOD;old_ctr=0.348;new_pm=0.500,TPL_0033|evening,TPL_0038|early_morning,"TPL_0033 at evening had CTR=34.8% (label=GOOD in High-Intent Trialists). Replaced by TPL_0038 at early_morning (posterior_mean=0.500, label=NEUTRAL)."
slot,US_55_slot1,High-Intent Trialists,1.0,template_and_window_updated,old_arm_label=GOOD;old_ctr=0.484;new_pm=0.556,TPL_0031|evening,TPL_0036|night,"TPL_0031 at evening had CTR=48.4% (label=GOOD in High-Intent Trialists). Replaced by TPL_0036 at night (posterior_mean=0.556, label=GOOD)."
slot,US_55_slot2,High-Intent Trialists,2.0,template_and_window_updated,old_arm_label=GOOD;old_ctr=0.458;new_pm=0.500,TPL_0032|evening,TPL_0037|night,"TPL_0032 at evening had CTR=45.8% (label=GOOD in High-Intent Trialists). Replaced by TPL_0037 at night (posterior_mean=0.500, label=NEUTRAL)."
slot,US_55_slot3,High-Intent Trialists,3.0,template_and_window_updated,old_arm_label=GOOD;old_ctr=0.384;new_pm=0.500,TPL_0033|night,TPL_0038|late_afternoon,"TPL_0033 at night had CTR=38.4% (label=GOOD in High-Intent Trialists). Replaced by TPL_0038 at late_afternoon (posterior_mean=0.500, label=NEUTRAL)."
slot,US_56_slot1,High-Intent Trialists,1.0,template_and_window_updated,old_arm_label=GOOD;old_ctr=0.556;new_pm=0.556,TPL_0031|night,TPL_0036|early_morning,"TPL_0031 at night had CTR=55.6% (label=GOOD in High-Intent Trialists). Replaced by TPL_0036 at early_morning (posterior_mean=0.556, label=GOOD)."
slot,US_56_slot2,High-Intent Trialists,2.0,template_and_window_updated,old_arm_label=GOOD;old_ctr=0.511;new_pm=0.500,TPL_0032|night,TPL_0037|afternoon,"TPL_0032 at night had CTR=51.1% (label=GOOD in High-Intent Trialists). Replaced by TPL_0037 at afternoon (posterior_mean=0.500, label=NEUTRAL)."
slot,US_56_slot3,High-Intent Trialists,3.0,template_and_window_updated,old_arm_label=GOOD;old_ctr=0.348;new_pm=0.500,TPL_0033|evening,TPL_0038|afternoon,"TPL_0033 at evening had CTR=34.8% (label=GOOD in High-Intent Trialists). Replaced by TPL_0038 at afternoon (posterior_mean=0.500, label=NEUTRAL)."
slot,US_6_slot1,High-Intent Trialists,1.0,template_and_window_updated,old_arm_label=UNKNOWN;old_ctr=0.000;new_pm=0.556,TPL_0031|early_morning,TPL_0036|night,"TPL_0031 at early_morning had CTR=0.0% (label=UNKNOWN in High-Intent Trialists). Replaced by TPL_0036 at night (posterior_mean=0.556, label=GOOD)."
slot,US_6_slot2,High-Intent Trialists,2.0,template_and_window_updated,old_arm_label=UNKNOWN;old_ctr=0.000;new_pm=0.500,TPL_0032|early_morning,TPL_0037|mid_morning,"TPL_0032 at early_morning had CTR=0.0% (label=UNKNOWN in High-Intent Trialists). Replaced by TPL_0037 at mid_morning (posterior_mean=0.500, label=NEUTRAL)."
slot,US_6_slot3,High-Intent Trialists,3.0,template_and_window_updated,old_arm_label=GOOD;old_ctr=0.348;new_pm=0.500,TPL_0033|evening,TPL_0038|afternoon,"TPL_0033 at evening had CTR=34.8% (label=GOOD in High-Intent Trialists). Replaced by TPL_0038 at afternoon (posterior_mean=0.500, label=NEUTRAL)."
slot,US_9_slot1,High-Intent Trialists,1.0,template_and_window_updated,old_arm_label=UNKNOWN;old_ctr=0.000;new_pm=0.556,TPL_0031|early_morning,TPL_0036|night,"TPL_0031 at early_morning had CTR=0.0% (label=UNKNOWN in High-Intent Trialists). Replaced by TPL_0036 at night (posterior_mean=0.556, label=GOOD)."
slot,US_9_slot2,High-Intent Trialists,2.0,template_and_window_updated,old_arm_label=UNKNOWN;old_ctr=0.000;new_pm=0.500,TPL_0032|early_morning,TPL_0037|afternoon,"TPL_0032 at early_morning had CTR=0.0% (label=UNKNOWN in High-Intent Trialists). Replaced by TPL_0037 at afternoon (posterior_mean=0.500, label=NEUTRAL)."
slot,US_9_slot3,High-Intent Trialists,3.0,template_replaced,old_pm=0.583;new_pm=0.500,TPL_0033|evening,TPL_0038|evening,"TPL_0033 (posterior_mean=0.583, label=GOOD) replaced by TPL_0038 (posterior_mean=0.500, label=NEUTRAL) in High-Intent Trialists."
slot,US_15_slot1,Lost Customers,1.0,template_and_window_updated,old_arm_label=GOOD;old_ctr=0.459;new_pm=0.472,TPL_0026|evening,TPL_0041|late_afternoon,"TPL_0026 at evening had CTR=45.9% (label=GOOD in Lost Customers). Replaced by TPL_0041 at late_afternoon (posterior_mean=0.472, label=NEUTRAL)."
slot,US_15_slot2,Lost Customers,2.0,slot_dropped,slot_dropped_by_frequency_guardrail,TPL_0027|evening,null,Slot was active in iter0 (TPL_0027 at evening) but removed in iter1. Frequency guardrail reduced total notifications for Lost Customers.
slot,US_15_slot3,Lost Customers,3.0,slot_dropped,slot_dropped_by_frequency_guardrail,TPL_0028|mid_morning,null,Slot was active in iter0 (TPL_0028 at mid_morning) but removed in iter1. Frequency guardrail reduced total notifications for Lost Customers.
slot,US_20_slot1,Lost Customers,1.0,template_and_window_updated,old_arm_label=GOOD;old_ctr=0.470;new_pm=0.472,TPL_0026|early_morning,TPL_0041|late_afternoon,"TPL_0026 at early_morning had CTR=47.0% (label=GOOD in Lost Customers). Replaced by TPL_0041 at late_afternoon (posterior_mean=0.472, label=NEUTRAL)."
slot,US_20_slot2,Lost Customers,2.0,slot_dropped,slot_dropped_by_frequency_guardrail,TPL_0027|early_morning,null,Slot was active in iter0 (TPL_0027 at early_morning) but removed in iter1. Frequency guardrail reduced total notifications for Lost Customers.
slot,US_20_slot3,Lost Customers,3.0,slot_dropped,slot_dropped_by_frequency_guardrail,TPL_0028|mid_morning,null,Slot was active in iter0 (TPL_0028 at mid_morning) but removed in iter1. Frequency guardrail reduced total notifications for Lost Customers.
slot,US_28_slot1,Lost Customers,1.0,template_and_window_updated,old_arm_label=GOOD;old_ctr=0.537;new_pm=0.472,TPL_0026|night,TPL_0041|late_afternoon,"TPL_0026 at night had CTR=53.7% (label=GOOD in Lost Customers). Replaced by TPL_0041 at late_afternoon (posterior_mean=0.472, label=NEUTRAL)."
slot,US_28_slot2,Lost Customers,2.0,slot_dropped,slot_dropped_by_frequency_guardrail,TPL_0027|night,null,Slot was active in iter0 (TPL_0027 at night) but removed in iter1. Frequency guardrail reduced total notifications for Lost Customers.
slot,US_28_slot3,Lost Customers,3.0,slot_dropped,slot_dropped_by_frequency_guardrail,TPL_0028|mid_morning,null,Slot was active in iter0 (TPL_0028 at mid_morning) but removed in iter1. Frequency guardrail reduced total notifications for Lost Customers.
slot,US_2_slot1,Lost Customers,1.0,template_replaced,old_pm=0.611;new_pm=0.472,TPL_0026|evening,TPL_0041|evening,"TPL_0026 (posterior_mean=0.611, label=GOOD) replaced by TPL_0041 (posterior_mean=0.472, label=NEUTRAL) in Lost Customers."
slot,US_2_slot2,Lost Customers,2.0,slot_dropped,slot_dropped_by_frequency_guardrail,TPL_0027|evening,null,Slot was active in iter0 (TPL_0027 at evening) but removed in iter1. Frequency guardrail reduced total notifications for Lost Customers.
slot,US_2_slot3,Lost Customers,3.0,slot_dropped,slot_dropped_by_frequency_guardrail,TPL_0028|mid_morning,null,Slot was active in iter0 (TPL_0028 at mid_morning) but removed in iter1. Frequency guardrail reduced total notifications for Lost Customers.
slot,US_45_slot1,Lost Customers,1.0,template_replaced,old_pm=0.611;new_pm=0.472,TPL_0026|night,TPL_0041|night,"TPL_0026 (posterior_mean=0.611, label=GOOD) replaced by TPL_0041 (posterior_mean=0.472, label=NEUTRAL) in Lost Customers."
slot,US_45_slot2,Lost Customers,2.0,slot_dropped,slot_dropped_by_frequency_guardrail,TPL_0027|night,null,Slot was active in iter0 (TPL_0027 at night) but removed in iter1. Frequency guardrail reduced total notifications for Lost Customers.
slot,US_45_slot3,Lost Customers,3.0,slot_dropped,slot_dropped_by_frequency_guardrail,TPL_0028|mid_morning,null,Slot was active in iter0 (TPL_0028 at mid_morning) but removed in iter1. Frequency guardrail reduced total notifications for Lost Customers.
slot,US_47_slot1,Lost Customers,1.0,template_and_window_updated,old_arm_label=GOOD;old_ctr=0.537;new_pm=0.472,TPL_0026|night,TPL_0041|early_morning,"TPL_0026 at night had CTR=53.7% (label=GOOD in Lost Customers). Replaced by TPL_0041 at early_morning (posterior_mean=0.472, label=NEUTRAL)."
slot,US_47_slot2,Lost Customers,2.0,slot_dropped,slot_dropped_by_frequency_guardrail,TPL_0027|night,null,Slot was active in iter0 (TPL_0027 at night) but removed in iter1. Frequency guardrail reduced total notifications for Lost Customers.
slot,US_47_slot3,Lost Customers,3.0,slot_dropped,slot_dropped_by_frequency_guardrail,TPL_0028|mid_morning,null,Slot was active in iter0 (TPL_0028 at mid_morning) but removed in iter1. Frequency guardrail reduced total notifications for Lost Customers.
slot,US_54_slot1,Lost Customers,1.0,template_and_window_updated,old_arm_label=UNKNOWN;old_ctr=0.000;new_pm=0.472,TPL_0026|mid_morning,TPL_0041|night,"TPL_0026 at mid_morning had CTR=0.0% (label=UNKNOWN in Lost Customers). Replaced by TPL_0041 at night (posterior_mean=0.472, label=NEUTRAL)."
slot,US_54_slot2,Lost Customers,2.0,slot_dropped,slot_dropped_by_frequency_guardrail,TPL_0027|mid_morning,null,Slot was active in iter0 (TPL_0027 at mid_morning) but removed in iter1. Frequency guardrail reduced total notifications for Lost Customers.
slot,US_54_slot3,Lost Customers,3.0,slot_dropped,slot_dropped_by_frequency_guardrail,TPL_0028|night,null,Slot was active in iter0 (TPL_0028 at night) but removed in iter1. Frequency guardrail reduced total notifications for Lost Customers.
slot,US_5_slot1,Lost Customers,1.0,template_and_window_updated,old_arm_label=UNKNOWN;old_ctr=0.000;new_pm=0.472,TPL_0026|mid_morning,TPL_0041|evening,"TPL_0026 at mid_morning had CTR=0.0% (label=UNKNOWN in Lost Customers). Replaced by TPL_0041 at evening (posterior_mean=0.472, label=NEUTRAL)."
slot,US_5_slot2,Lost Customers,2.0,slot_dropped,slot_dropped_by_frequency_guardrail,TPL_0027|mid_morning,null,Slot was active in iter0 (TPL_0027 at mid_morning) but removed in iter1. Frequency guardrail reduced total notifications for Lost Customers.
slot,US_5_slot3,Lost Customers,3.0,slot_dropped,slot_dropped_by_frequency_guardrail,TPL_0028|night,null,Slot was active in iter0 (TPL_0028 at night) but removed in iter1. Frequency guardrail reduced total notifications for Lost Customers.
slot,US_18_slot1,Slipping Subscribers,1.0,template_and_window_updated,old_arm_label=UNKNOWN;old_ctr=0.000;new_pm=0.583,TPL_0056|evening,TPL_0046|late_afternoon,"TPL_0056 at evening had CTR=0.0% (label=UNKNOWN in Slipping Subscribers). Replaced by TPL_0046 at late_afternoon (posterior_mean=0.583, label=GOOD)."
slot,US_18_slot2,Slipping Subscribers,2.0,template_and_window_updated,old_arm_label=UNKNOWN;old_ctr=0.000;new_pm=0.583,TPL_0057|evening,TPL_0047|late_afternoon,"TPL_0057 at evening had CTR=0.0% (label=UNKNOWN in Slipping Subscribers). Replaced by TPL_0047 at late_afternoon (posterior_mean=0.583, label=GOOD)."
slot,US_18_slot3,Slipping Subscribers,3.0,template_and_window_updated,old_arm_label=UNKNOWN;old_ctr=0.000;new_pm=0.583,TPL_0058|evening,TPL_0048|night,"TPL_0058 at evening had CTR=0.0% (label=UNKNOWN in Slipping Subscribers). Replaced by TPL_0048 at night (posterior_mean=0.583, label=GOOD)."
slot,US_18_slot4,Slipping Subscribers,4.0,template_and_window_updated,old_arm_label=UNKNOWN;old_ctr=0.000;new_pm=0.500,TPL_0059|afternoon,TPL_0049|late_afternoon,"TPL_0059 at afternoon had CTR=0.0% (label=UNKNOWN in Slipping Subscribers). Replaced by TPL_0049 at late_afternoon (posterior_mean=0.500, label=NEUTRAL)."
slot,US_18_slot5,Slipping Subscribers,5.0,template_and_window_updated,old_arm_label=UNKNOWN;old_ctr=0.000;new_pm=0.500,TPL_0060|late_afternoon,TPL_0050|early_morning,"TPL_0060 at late_afternoon had CTR=0.0% (label=UNKNOWN in Slipping Subscribers). Replaced by TPL_0050 at early_morning (posterior_mean=0.500, label=NEUTRAL)."
slot,US_22_slot1,Slipping Subscribers,1.0,template_and_window_updated,old_arm_label=UNKNOWN;old_ctr=0.000;new_pm=0.583,TPL_0056|evening,TPL_0046|night,"TPL_0056 at evening had CTR=0.0% (label=UNKNOWN in Slipping Subscribers). Replaced by TPL_0046 at night (posterior_mean=0.583, label=GOOD)."
slot,US_22_slot2,Slipping Subscribers,2.0,template_and_window_updated,old_arm_label=UNKNOWN;old_ctr=0.000;new_pm=0.583,TPL_0057|evening,TPL_0047|late_afternoon,"TPL_0057 at evening had CTR=0.0% (label=UNKNOWN in Slipping Subscribers). Replaced by TPL_0047 at late_afternoon (posterior_mean=0.583, label=GOOD)."
slot,US_22_slot3,Slipping Subscribers,3.0,template_and_window_updated,old_arm_label=UNKNOWN;old_ctr=0.000;new_pm=0.583,TPL_0058|evening,TPL_0048|mid_morning,"TPL_0058 at evening had CTR=0.0% (label=UNKNOWN in Slipping Subscribers). Replaced by TPL_0048 at mid_morning (posterior_mean=0.583, label=GOOD)."
slot,US_22_slot4,Slipping Subscribers,4.0,template_and_window_updated,old_arm_label=UNKNOWN;old_ctr=0.000;new_pm=0.500,TPL_0059|afternoon,TPL_0049|early_morning,"TPL_0059 at afternoon had CTR=0.0% (label=UNKNOWN in Slipping Subscribers). Replaced by TPL_0049 at early_morning (posterior_mean=0.500, label=NEUTRAL)."
slot,US_22_slot5,Slipping Subscribers,5.0,template_and_window_updated,old_arm_label=UNKNOWN;old_ctr=0.000;new_pm=0.500,TPL_0060|late_afternoon,TPL_0050|afternoon,"TPL_0060 at late_afternoon had CTR=0.0% (label=UNKNOWN in Slipping Subscribers). Replaced by TPL_0050 at afternoon (posterior_mean=0.500, label=NEUTRAL)."
slot,US_35_slot1,Slipping Subscribers,1.0,window_shifted,old_arm_label=GOOD;old_ctr=0.648;new_posterior=0.500,TPL_0046|evening,TPL_0046|mid_morning,"TPL_0046 at evening had CTR=64.8% (label=GOOD in Slipping Subscribers). Thompson Sampling shifted to mid_morning (posterior_mean=0.500, CTR=0.0%)."
slot,US_35_slot2,Slipping Subscribers,2.0,window_shifted,old_arm_label=GOOD;old_ctr=0.573;new_posterior=0.500,TPL_0047|evening,TPL_0047|mid_morning,"TPL_0047 at evening had CTR=57.3% (label=GOOD in Slipping Subscribers). Thompson Sampling shifted to mid_morning (posterior_mean=0.500, CTR=0.0%)."
slot,US_35_slot5,Slipping Subscribers,5.0,window_shifted,old_arm_label=NEUTRAL;old_ctr=0.342;new_posterior=0.500,TPL_0050|late_afternoon,TPL_0050|mid_morning,"TPL_0050 at late_afternoon had CTR=34.2% (label=NEUTRAL in Slipping Subscribers). Thompson Sampling shifted to mid_morning (posterior_mean=0.500, CTR=0.0%)."
slot,US_4_slot1,Slipping Subscribers,1.0,window_shifted,old_arm_label=GOOD;old_ctr=0.640;new_posterior=0.667,TPL_0046|late_afternoon,TPL_0046|afternoon,"TPL_0046 at late_afternoon had CTR=64.0% (label=GOOD in Slipping Subscribers). Thompson Sampling shifted to afternoon (posterior_mean=0.667, CTR=64.8%)."
slot,US_4_slot2,Slipping Subscribers,2.0,window_shifted,old_arm_label=GOOD;old_ctr=0.540;new_posterior=0.500,TPL_0047|late_afternoon,TPL_0047|mid_morning,"TPL_0047 at late_afternoon had CTR=54.0% (label=GOOD in Slipping Subscribers). Thompson Sampling shifted to mid_morning (posterior_mean=0.500, CTR=0.0%)."
slot,US_4_slot3,Slipping Subscribers,3.0,window_shifted,old_arm_label=GOOD;old_ctr=0.451;new_posterior=0.667,TPL_0048|late_afternoon,TPL_0048|evening,"TPL_0048 at late_afternoon had CTR=45.1% (label=GOOD in Slipping Subscribers). Thompson Sampling shifted to evening (posterior_mean=0.667, CTR=52.8%)."
slot,US_4_slot4,Slipping Subscribers,4.0,window_shifted,old_arm_label=NEUTRAL;old_ctr=0.412;new_posterior=0.500,TPL_0049|evening,TPL_0049|night,"TPL_0049 at evening had CTR=41.2% (label=NEUTRAL in Slipping Subscribers). Thompson Sampling shifted to night (posterior_mean=0.500, CTR=0.0%)."
slot,US_50_slot1,Slipping Subscribers,1.0,window_shifted,old_arm_label=GOOD;old_ctr=0.648;new_posterior=0.667,TPL_0046|evening,TPL_0046|afternoon,"TPL_0046 at evening had CTR=64.8% (label=GOOD in Slipping Subscribers). Thompson Sampling shifted to afternoon (posterior_mean=0.667, CTR=64.8%)."
slot,US_50_slot2,Slipping Subscribers,2.0,window_shifted,old_arm_label=GOOD;old_ctr=0.573;new_posterior=0.667,TPL_0047|evening,TPL_0047|late_afternoon,"TPL_0047 at evening had CTR=57.3% (label=GOOD in Slipping Subscribers). Thompson Sampling shifted to late_afternoon (posterior_mean=0.667, CTR=54.0%)."
slot,US_50_slot3,Slipping Subscribers,3.0,window_shifted,old_arm_label=GOOD;old_ctr=0.528;new_posterior=0.667,TPL_0048|evening,TPL_0048|afternoon,"TPL_0048 at evening had CTR=52.8% (label=GOOD in Slipping Subscribers). Thompson Sampling shifted to afternoon (posterior_mean=0.667, CTR=50.8%)."
slot,US_50_slot4,Slipping Subscribers,4.0,window_shifted,old_arm_label=NEUTRAL;old_ctr=0.410;new_posterior=0.500,TPL_0049|afternoon,TPL_0049|early_morning,"TPL_0049 at afternoon had CTR=41.0% (label=NEUTRAL in Slipping Subscribers). Thompson Sampling shifted to early_morning (posterior_mean=0.500, CTR=0.0%)."
slot,US_50_slot5,Slipping Subscribers,5.0,window_shifted,old_arm_label=NEUTRAL;old_ctr=0.342;new_posterior=0.500,TPL_0050|late_afternoon,TPL_0050|mid_morning,"TPL_0050 at late_afternoon had CTR=34.2% (label=NEUTRAL in Slipping Subscribers). Thompson Sampling shifted to mid_morning (posterior_mean=0.500, CTR=0.0%)."
slot,US_61_slot1,Slipping Subscribers,1.0,template_and_window_updated,old_arm_label=UNKNOWN;old_ctr=0.000;new_pm=0.583,TPL_0056|afternoon,TPL_0046|evening,"TPL_0056 at afternoon had CTR=0.0% (label=UNKNOWN in Slipping Subscribers). Replaced by TPL_0046 at evening (posterior_mean=0.583, label=GOOD)."
slot,US_61_slot2,Slipping Subscribers,2.0,template_replaced,old_pm=0.500;new_pm=0.583,TPL_0057|afternoon,TPL_0047|afternoon,"TPL_0057 (posterior_mean=0.500, label=) replaced by TPL_0047 (posterior_mean=0.583, label=GOOD) in Slipping Subscribers."
slot,US_61_slot3,Slipping Subscribers,3.0,template_and_window_updated,old_arm_label=UNKNOWN;old_ctr=0.000;new_pm=0.583,TPL_0058|afternoon,TPL_0048|early_morning,"TPL_0058 at afternoon had CTR=0.0% (label=UNKNOWN in Slipping Subscribers). Replaced by TPL_0048 at early_morning (posterior_mean=0.583, label=GOOD)."
slot,US_61_slot4,Slipping Subscribers,4.0,template_and_window_updated,old_arm_label=UNKNOWN;old_ctr=0.000;new_pm=0.500,TPL_0059|evening,TPL_0049|night,"TPL_0059 at evening had CTR=0.0% (label=UNKNOWN in Slipping Subscribers). Replaced by TPL_0049 at night (posterior_mean=0.500, label=NEUTRAL)."
slot,US_61_slot5,Slipping Subscribers,5.0,template_and_window_updated,old_arm_label=UNKNOWN;old_ctr=0.000;new_pm=0.500,TPL_0060|late_afternoon,TPL_0050|evening,"TPL_0060 at late_afternoon had CTR=0.0% (label=UNKNOWN in Slipping Subscribers). Replaced by TPL_0050 at evening (posterior_mean=0.500, label=NEUTRAL)."
user,US_10,Dormant Users,,frequency_reduced,segment_avg_uninstall_rate=0.0209;threshold=0.02,3,1,Guardrail triggered: Dormant Users average uninstall_rate=2.1% exceeded 2% threshold. Notifications reduced from 3 to 1/day.
user,US_11,Dormant Users,,frequency_reduced,segment_avg_uninstall_rate=0.0209;threshold=0.02,3,1,Guardrail triggered: Dormant Users average uninstall_rate=2.1% exceeded 2% threshold. Notifications reduced from 3 to 1/day.
user,US_34,Dormant Users,,frequency_reduced,segment_avg_uninstall_rate=0.0209;threshold=0.02,3,1,Guardrail triggered: Dormant Users average uninstall_rate=2.1% exceeded 2% threshold. Notifications reduced from 3 to 1/day.
user,US_42,Dormant Users,,frequency_reduced,segment_avg_uninstall_rate=0.0209;threshold=0.02,3,1,Guardrail triggered: Dormant Users average uninstall_rate=2.1% exceeded 2% threshold. Notifications reduced from 3 to 1/day.
user,US_46,Dormant Users,,frequency_reduced,segment_avg_uninstall_rate=0.0209;threshold=0.02,3,1,Guardrail triggered: Dormant Users average uninstall_rate=2.1% exceeded 2% threshold. Notifications reduced from 3 to 1/day.
user,US_57,Dormant Users,,frequency_reduced,segment_avg_uninstall_rate=0.0209;threshold=0.02,3,1,Guardrail triggered: Dormant Users average uninstall_rate=2.1% exceeded 2% threshold. Notifications reduced from 3 to 1/day.
user,US_58,Dormant Users,,frequency_reduced,segment_avg_uninstall_rate=0.0209;threshold=0.02,3,1,Guardrail triggered: Dormant Users average uninstall_rate=2.1% exceeded 2% threshold. Notifications reduced from 3 to 1/day.
user,US_7,Dormant Users,,frequency_reduced,segment_avg_uninstall_rate=0.0209;threshold=0.02,3,1,Guardrail triggered: Dormant Users average uninstall_rate=2.1% exceeded 2% threshold. Notifications reduced from 3 to 1/day.
user,US_15,Lost Customers,,frequency_reduced,segment_avg_uninstall_rate=0.0221;threshold=0.02,3,1,Guardrail triggered: Lost Customers average uninstall_rate=2.2% exceeded 2% threshold. Notifications reduced from 3 to 1/day.
user,US_2,Lost Customers,,frequency_reduced,segment_avg_uninstall_rate=0.0221;threshold=0.02,3,1,Guardrail triggered: Lost Customers average uninstall_rate=2.2% exceeded 2% threshold. Notifications reduced from 3 to 1/day.
user,US_20,Lost Customers,,frequency_reduced,segment_avg_uninstall_rate=0.0221;threshold=0.02,3,1,Guardrail triggered: Lost Customers average uninstall_rate=2.2% exceeded 2% threshold. Notifications reduced from 3 to 1/day.
user,US_28,Lost Customers,,frequency_reduced,segment_avg_uninstall_rate=0.0221;threshold=0.02,3,1,Guardrail triggered: Lost Customers average uninstall_rate=2.2% exceeded 2% threshold. Notifications reduced from 3 to 1/day.
user,US_45,Lost Customers,,frequency_reduced,segment_avg_uninstall_rate=0.0221;threshold=0.02,3,1,Guardrail triggered: Lost Customers average uninstall_rate=2.2% exceeded 2% threshold. Notifications reduced from 3 to 1/day.
user,US_47,Lost Customers,,frequency_reduced,segment_avg_uninstall_rate=0.0221;threshold=0.02,3,1,Guardrail triggered: Lost Customers average uninstall_rate=2.2% exceeded 2% threshold. Notifications reduced from 3 to 1/day.
user,US_5,Lost Customers,,frequency_reduced,segment_avg_uninstall_rate=0.0221;threshold=0.02,3,1,Guardrail triggered: Lost Customers average uninstall_rate=2.2% exceeded 2% threshold. Notifications reduced from 3 to 1/day.
user,US_54,Lost Customers,,frequency_reduced,segment_avg_uninstall_rate=0.0221;threshold=0.02,3,1,Guardrail triggered: Lost Customers average uninstall_rate=2.2% exceeded 2% threshold. Notifications reduced from 3 to 1/day.
template,TPL_0025,Dormant Users,,template_fully_suppressed,all_arms_BAD=True;n_arms=4;min_ctr=0.0050;max_ctr=0.0480,active,suppressed,"TPL_0025 fully suppressed in Dormant Users: all 4 observed arms (windows: afternoon, early_morning, evening, night) were BAD. CTR range: 0.5%–4.8%. Template will not appear in iter1 schedule."
template,TPL_0045,Lost Customers,,template_fully_suppressed,all_arms_BAD=True;n_arms=4;min_ctr=0.0339;max_ctr=0.0480,active,suppressed,"TPL_0045 fully suppressed in Lost Customers: all 4 observed arms (windows: afternoon, evening, mid_morning, night) were BAD. CTR range: 3.4%–4.8%. Template will not appear in iter1 schedule."
timing,timing_Dormant_Users,Dormant Users,,top_window_shifted,iter0_top_window=early_morning;iter0_ctr=0.0563;iter1_top_window=mid_morning;iter1_ctr=0.5000,early_morning|ctr=0.0563,mid_morning|ctr=0.5000,Dormant Users top notification window shifted from early_morning to mid_morning. Expected CTR improved: 5.6% → 50.0% (+44.4pp). Beta posteriors confirmed mid_morning as higher-performing window.
timing,timing_Flight-Risk_Subscribers,Flight-Risk Subscribers,,top_window_shifted,iter0_top_window=evening;iter0_ctr=0.3808;iter1_top_window=afternoon;iter1_ctr=0.6667,evening|ctr=0.3808,afternoon|ctr=0.6667,Flight-Risk Subscribers top notification window shifted from evening to afternoon. Expected CTR improved: 38.1% → 66.7% (+28.6pp). Beta posteriors confirmed afternoon as higher-performing window.
timing,timing_Gamified_Competitors,Gamified Competitors,,top_window_shifted,iter0_top_window=evening;iter0_ctr=0.3760;iter1_top_window=late_afternoon;iter1_ctr=0.6667,evening|ctr=0.3760,late_afternoon|ctr=0.6667,Gamified Competitors top notification window shifted from evening to late_afternoon. Expected CTR improved: 37.6% → 66.7% (+29.1pp). Beta posteriors confirmed late_afternoon as higher-performing window.
timing,timing_High-Intent_Trialists,High-Intent Trialists,,top_window_shifted,iter0_top_window=evening;iter0_ctr=0.3563;iter1_top_window=mid_morning;iter1_ctr=0.5333,evening|ctr=0.3563,mid_morning|ctr=0.5333,High-Intent Trialists top notification window shifted from evening to mid_morning. Expected CTR improved: 35.6% → 53.3% (+17.7pp). Beta posteriors confirmed mid_morning as higher-performing window.
timing,timing_Lost_Customers,Lost Customers,,top_window_shifted,iter0_top_window=mid_morning;iter0_ctr=0.1335;iter1_top_window=early_morning;iter1_ctr=0.5000,mid_morning|ctr=0.1335,early_morning|ctr=0.5000,Lost Customers top notification window shifted from mid_morning to early_morning. Expected CTR improved: 13.4% → 50.0% (+36.6pp). Beta posteriors confirmed early_morning as higher-performing window.
timing,timing_Slipping_Subscribers,Slipping Subscribers,,top_window_shifted,iter0_top_window=evening;iter0_ctr=0.5172;iter1_top_window=afternoon;iter1_ctr=0.6000,evening|ctr=0.5172,afternoon|ctr=0.6000,Slipping Subscribers top notification window shifted from evening to afternoon. Expected CTR improved: 51.7% → 60.0% (+8.3pp). Beta posteriors confirmed afternoon as higher-performing window.
segment,AI-Powered Learners,AI-Powered Learners,,segment_summary,slot_changes=23;window_shifts=0;template_updates=23;freq_reductions=0;templates_suppressed=0;ctr_delta_pp=+26.77,ctr=0.3990,ctr=0.6667,"AI-Powered Learners: 23 slot-level changes (0 window shifts, 23 template updates). 0 users had frequency reduced by guardrail. 0 templates fully suppressed. Top-window expected CTR improved: 39.9% → 66.7% (+26.8pp)."
segment,At-Risk Trialists,At-Risk Trialists,,segment_summary,slot_changes=18;window_shifts=0;template_updates=18;freq_reductions=0;templates_suppressed=0;ctr_delta_pp=+15.33,ctr=0.3800,ctr=0.5333,"At-Risk Trialists: 18 slot-level changes (0 window shifts, 18 template updates). 0 users had frequency reduced by guardrail. 0 templates fully suppressed. Top-window expected CTR improved: 38.0% → 53.3% (+15.3pp)."
segment,Community Builders,Community Builders,,segment_summary,slot_changes=10;window_shifts=0;template_updates=10;freq_reductions=0;templates_suppressed=0;ctr_delta_pp=+9.67,ctr=0.5700,ctr=0.6667,"Community Builders: 10 slot-level changes (0 window shifts, 10 template updates). 0 users had frequency reduced by guardrail. 0 templates fully suppressed. Top-window expected CTR improved: 57.0% → 66.7% (+9.7pp)."
segment,Core Curriculum Users,Core Curriculum Users,,segment_summary,slot_changes=5;window_shifts=0;template_updates=5;freq_reductions=0;templates_suppressed=0;ctr_delta_pp=+14.57,ctr=0.5210,ctr=0.6667,"Core Curriculum Users: 5 slot-level changes (0 window shifts, 5 template updates). 0 users had frequency reduced by guardrail. 0 templates fully suppressed. Top-window expected CTR improved: 52.1% → 66.7% (+14.6pp)."
segment,Dormant Users,Dormant Users,,segment_summary,slot_changes=24;window_shifts=0;template_updates=8;freq_reductions=8;templates_suppressed=1;ctr_delta_pp=+44.37,ctr=0.0563,ctr=0.5000,"Dormant Users: 24 slot-level changes (0 window shifts, 8 template updates). 8 users had frequency reduced by guardrail. 1 templates fully suppressed. Top-window expected CTR improved: 5.6% → 50.0% (+44.4pp)."
segment,Flight-Risk Subscribers,Flight-Risk Subscribers,,segment_summary,slot_changes=48;window_shifts=0;template_updates=48;freq_reductions=0;templates_suppressed=0;ctr_delta_pp=+28.59,ctr=0.3808,ctr=0.6667,"Flight-Risk Subscribers: 48 slot-level changes (0 window shifts, 48 template updates). 0 users had frequency reduced by guardrail. 0 templates fully suppressed. Top-window expected CTR improved: 38.1% → 66.7% (+28.6pp)."
segment,Gamified Competitors,Gamified Competitors,,segment_summary,slot_changes=26;window_shifts=0;template_updates=26;freq_reductions=0;templates_suppressed=0;ctr_delta_pp=+29.07,ctr=0.3760,ctr=0.6667,"Gamified Competitors: 26 slot-level changes (0 window shifts, 26 template updates). 0 users had frequency reduced by guardrail. 0 templates fully suppressed. Top-window expected CTR improved: 37.6% → 66.7% (+29.1pp)."
segment,High-Intent Trialists,High-Intent Trialists,,segment_summary,slot_changes=30;window_shifts=0;template_updates=30;freq_reductions=0;templates_suppressed=0;ctr_delta_pp=+17.70,ctr=0.3563,ctr=0.5333,"High-Intent Trialists: 30 slot-level changes (0 window shifts, 30 template updates). 0 users had frequency reduced by guardrail. 0 templates fully suppressed. Top-window expected CTR improved: 35.6% → 53.3% (+17.7pp)."
segment,Lost Customers,Lost Customers,,segment_summary,slot_changes=24;window_shifts=0;template_updates=8;freq_reductions=8;templates_suppressed=1;ctr_delta_pp=+36.65,ctr=0.1335,ctr=0.5000,"Lost Customers: 24 slot-level changes (0 window shifts, 8 template updates). 8 users had frequency reduced by guardrail. 1 templates fully suppressed. Top-window expected CTR improved: 13.4% → 50.0% (+36.6pp)."
segment,Slipping Subscribers,Slipping Subscribers,,segment_summary,slot_changes=27;window_shifts=12;template_updates=15;freq_reductions=0;templates_suppressed=0;ctr_delta_pp=+8.28,ctr=0.5172,ctr=0.6000,"Slipping Subscribers: 27 slot-level changes (12 window shifts, 15 template updates). 0 users had frequency reduced by guardrail. 0 templates fully suppressed. Top-window expected CTR improved: 51.7% → 60.0% (+8.3pp)."
