template_id,segment_id,lifecycle_stage,day_range,slot_num,slot_name,theme_role,theme_expressed,slot_swapped,primary_theme,secondary_theme,tones_used,hooks_used,emotional_core,message_title_en,message_body_en,cta_text_en,message_title_hi,message_body_hi,cta_text_hi,quality_flag
TPL_0001,Flight-Risk Subscribers,paid,D8-D12,1,Sia's Observation,primary,Loss Avoidance,False,Loss Avoidance,Ownership,urgent-but-supportive | reassuring | continuity-focused,protect_streak | protect_progress | continue_plan | restart_small,Don't let your progress slip away,Sia Misses You,Just 2 minutes today?,Jump Back,Teri mehnat beardaasht na ho,Aaj sirf 2 min de de,Chal na shuru karte,OK
TPL_0002,Flight-Risk Subscribers,paid,D8-D12,2,The Honest Number,primary,Loss Avoidance,False,Loss Avoidance,Ownership,urgent-but-supportive | reassuring | continuity-focused,protect_streak | protect_progress | continue_plan | restart_small,protect progress by continuing daily sessions,Streak at Risk,"47 words this week, keep it alive",Jump Back,Tootne wala hai tera streak,"Is hafte 47 words seekhe, abhi aur",Chal na shuru karte,OK
TPL_0003,Flight-Risk Subscribers,paid,D8-D12,3,Soft Claim,primary,Loss Avoidance,False,Loss Avoidance,Ownership,urgent-but-supportive | reassuring | continuity-focused,protect_streak | protect_progress | continue_plan | restart_small,protect your progress,Coins at Risk,Your coins are waiting,Collect Now,Teri mehnat mat tod,Aaj ek lesson kar le,Chal na shuru karte,OK
TPL_0004,Flight-Risk Subscribers,paid,D8-D12,4,Half Story,secondary,Ownership,False,Loss Avoidance,Ownership,urgent-but-supportive | reassuring | continuity-focused,protect_streak | protect_progress | continue_plan | restart_small,reclaiming ownership of progress,Streak on Hold,2 minutes to keep it alive,Restart Now,Teri Streak,"bas 2 min de, aur --",Chal Na,OK
TPL_0005,Flight-Risk Subscribers,paid,D8-D12,5,Real India,secondary,Ownership,False,Loss Avoidance,Ownership,urgent-but-supportive | reassuring | continuity-focused,protect_streak | protect_progress | continue_plan | restart_small,Sia has been preparing you for real Indian life moments,Salary Talk,Sia's got your back for that negotiation,Jump Back,Salary baat hai,Sia ne taiyar kiya hai aapko,Chal na,OK
TPL_0006,Flight-Risk Subscribers,paid,D13-D20,1,Sia's Observation,primary,Loss Avoidance,False,Loss Avoidance,Ownership,urgent-but-supportive | reassuring | continuity-focused,protect_streak | protect_progress | continue_plan | restart_small,Don't let your progress slip away,Streak on the line,One session saves 14 days of work,Save now,Streak tod mat yaar,"Ek lesson aur, bas itna",dekho progress,OK
TPL_0007,Flight-Risk Subscribers,paid,D13-D20,2,The Honest Number,primary,Loss Avoidance,False,Loss Avoidance,Ownership,urgent-but-supportive | reassuring | continuity-focused,protect_streak | protect_progress | continue_plan | restart_small,Don't let your progress slip away,Streak on the line,"47 words this week, more than average",See progress,Tod mat apni streak,"Is hafte 47 words seekhe, average se zyada",Apna progress dekho,OK
TPL_0008,Flight-Risk Subscribers,paid,D13-D20,3,Soft Claim,primary,Loss Avoidance,False,Loss Avoidance,Ownership,urgent-but-supportive | reassuring | continuity-focused,protect_streak | protect_progress | continue_plan | restart_small,protecting progress to avoid loss,Streak at Risk,One session saves your progress,Save Now,tere 14 din ki mehnat,aaj ek lesson aur bas itna,dekho progress,OK
TPL_0009,Flight-Risk Subscribers,paid,D13-D20,4,Half Story,secondary,Ownership,False,Loss Avoidance,Ownership,urgent-but-supportive | reassuring | continuity-focused,protect_streak | protect_progress | continue_plan | restart_small,You're in control of your English progress,Your Progress,See how far you've come,Check Now,Aapki mehnat,kitni door nikal aaye,dekho ab,OK
TPL_0010,Flight-Risk Subscribers,paid,D13-D20,5,Real India,secondary,Ownership,False,Loss Avoidance,Ownership,urgent-but-supportive | reassuring | continuity-focused,protect_streak | protect_progress | continue_plan | restart_small,You're closer to acing office English interactions,Office English Just Got Easier,Sia's lessons are paying off in real conversations,See Progress,Office mein English ab asaan hai,Sia ki classes asli baatcheet mein kaam aa rahi hain,Apna progress dekho,OK
TPL_0011,Flight-Risk Subscribers,paid,D21-D30,1,Sia's Observation,primary,Loss Avoidance,False,Loss Avoidance,Ownership,urgent-but-supportive | reassuring | continuity-focused,protect_streak | protect_progress | continue_plan | restart_small,protect your progress,Streak at Risk,One session saves your streak,Try Now,Streak tod mat yaar,"Ek lesson aur, bas itna",Aaj try kar,OK
TPL_0012,Flight-Risk Subscribers,paid,D21-D30,2,The Honest Number,primary,Loss Avoidance,False,Loss Avoidance,Ownership,urgent-but-supportive | reassuring | continuity-focused,protect_streak | protect_progress | continue_plan | restart_small,"protect your progress, don't lose it",Streak on Line,"47 words this week, don't waste it",Try Now,Tod mat yaar,"Is hafte 47 words seekhe, ab chod mat",Aaj try kar,OK
TPL_0013,Flight-Risk Subscribers,paid,D21-D30,3,Soft Claim,primary,Loss Avoidance,False,Loss Avoidance,Ownership,urgent-but-supportive | reassuring | continuity-focused,protect_streak | protect_progress | continue_plan | restart_small,protect your progress,Role Play,Try role play today,Try Now,Naya role play,Aaj ek role play kar le,Aaj try kar,OK
TPL_0014,Flight-Risk Subscribers,paid,D21-D30,4,Half Story,secondary,Ownership,False,Loss Avoidance,Ownership,urgent-but-supportive | reassuring | continuity-focused,protect_streak | protect_progress | continue_plan | restart_small,You're in control of your progress,Role Play Awaits,Try a new scenario today,Start Role,Naya role play hai,Aaj ek naya scenario try karo,Shuru karo ab,OK
TPL_0015,Flight-Risk Subscribers,paid,D21-D30,5,Real India,secondary,Ownership,False,Loss Avoidance,Ownership,urgent-but-supportive | reassuring | continuity-focused,protect_streak | protect_progress | continue_plan | restart_small,owning English skills for real-life moments,Ace Salary Talks,Sia prepares you for real conversations,Try Roleplay,Salary negotiation mein kabhi akad naa,"Sia se Seekho, asli baatcheet ke liye",Aaj try kar,OK
TPL_0016,Lost Customers,churned,D1-D7 (Post-Churn),1,Sia's Observation,primary,Epic Meaning,False,Epic Meaning,Empowerment,empathetic | aspirational | gentle,future_self | real_life_confidence | restart_small | rebuild_confidence,You had a remarkable progress with SpeakX,Your Progress,You learned 500 words with us,See Progress,Yaad hai jab 500 words seekhe the,Sab kuch abhi bhi wahin hai,dekho apni mehnat,OK
TPL_0017,Lost Customers,churned,D1-D7 (Post-Churn),2,The Honest Number,primary,Epic Meaning,False,Epic Meaning,Empowerment,empathetic | aspirational | gentle,future_self | real_life_confidence | restart_small | rebuild_confidence,reminding of past progress to trigger nostalgia,Your Progress,23 words learned in a week,See Progress,Yaad hai jab,Is hafte 23 words seekhe the, Dekho pura safar,OK
TPL_0018,Lost Customers,churned,D1-D7 (Post-Churn),3,The Memory,primary,Epic Meaning,True,Epic Meaning,Empowerment,empathetic | aspirational | gentle,future_self | real_life_confidence | restart_small | rebuild_confidence,Remembering past achievements,Your Streak Remains,You once built a 14-day streak,See Achievements,Sab kuch abhi bhi wahin hai,14 din ka streak banaya tha aapne, Dekho pura safar,OK
TPL_0019,Lost Customers,churned,D1-D7 (Post-Churn),4,Half Story,secondary,Empowerment,False,Epic Meaning,Empowerment,empathetic | aspirational | gentle,future_self | real_life_confidence | restart_small | rebuild_confidence,Remembering past progress sparks motivation,Your Progress,You learned 500 words with us,See All,Yaad Hai Jab,Aapne 500 words seekhe the, Dekho Purana,OK
TPL_0020,Lost Customers,churned,D1-D7 (Post-Churn),5,The Memory,secondary,Empowerment,True,Epic Meaning,Empowerment,empathetic | aspirational | gentle,future_self | real_life_confidence | restart_small | rebuild_confidence,remembering your best moments with SpeakX,Your Best Streak,You had a 14-day streak once,See Achievements,Yaad hai woh streak,Aapne 14 din ka streak banaya tha, Dekho pura record,OK
TPL_0021,Lost Customers,churned,D8-D15 (Post-Churn),1,Sia's Observation,primary,Epic Meaning,False,Epic Meaning,Empowerment,empathetic | aspirational | gentle,future_self | real_life_confidence | restart_small | rebuild_confidence,"You had a spark with SpeakX, let's rekindle it",What's New,"New role-plays, updated leaderboard",See Now,kya badlav hai,"naye role-plays, leaderboard update hai",dekho ab,OK
TPL_0022,Lost Customers,churned,D8-D15 (Post-Churn),2,The Honest Number,primary,Epic Meaning,False,Epic Meaning,Empowerment,empathetic | aspirational | gentle,future_self | real_life_confidence | restart_small | rebuild_confidence,"you've made progress before, come see what's new",New Role-Plays,23 words added this week,See What's New,Yaad hai jab 47 words seekhe the?,Is hafte 23 naye words aaaye,dekho kya hai naya,OK
TPL_0023,Lost Customers,churned,D8-D15 (Post-Churn),3,The Memory,primary,Epic Meaning,True,Epic Meaning,Empowerment,empathetic | aspirational | gentle,future_self | real_life_confidence | restart_small | rebuild_confidence,reminding of past progress,Your Streak,You had a 14-day streak,See Progress,Yaad hai woh streak,14 din ka streak tha aapka,dekho kya hai,OK
TPL_0024,Lost Customers,churned,D8-D15 (Post-Churn),4,Half Story,secondary,Empowerment,False,Epic Meaning,Empowerment,empathetic | aspirational | gentle,future_self | real_life_confidence | restart_small | rebuild_confidence,Rekindling the spark of learning,New Role Plays,You were close to mastering,See What's New,Naye role plays hai,Aap toh bas itna door the,dekho kya hai,OK
TPL_0025,Lost Customers,churned,D8-D15 (Post-Churn),5,Real India,secondary,Empowerment,False,Epic Meaning,Empowerment,empathetic | aspirational | gentle,future_self | real_life_confidence | restart_small | rebuild_confidence,Sia prepared you for real-life English conversations,Speak English Confidently,"Next office meeting, Sia's got you covered",See What's New,Yaad hai jab pehli baar Sia se...,Ab office meeting mein akad nahi kheechenge,Naya kya hai dekho,TRUNCATED_message_title_hi
TPL_0026,Lost Customers,churned,D16-D30 (Post-Churn),1,Sia's Observation,primary,Epic Meaning,False,Epic Meaning,Empowerment,empathetic | aspirational | gentle,future_self | real_life_confidence | restart_small | rebuild_confidence,"You had a great start, don't let it fade",Miss You,14-day streak still remembered,Claim Now,Yaad Hai Jab,14 din ka streak abhi bhi yaad hai,Abhi Claim Karo,OK
TPL_0027,Lost Customers,churned,D16-D30 (Post-Churn),2,The Honest Number,primary,Epic Meaning,False,Epic Meaning,Empowerment,empathetic | aspirational | gentle,future_self | real_life_confidence | restart_small | rebuild_confidence," Rediscover your progress, 47 words await",Missed 47 words,"Your average was 12, now 47",Claim 40% off,Yaad hai 47 words,Aapne 12 ki jagah 47 seekhe the,Offer lo abhi,OK
TPL_0028,Lost Customers,churned,D16-D30 (Post-Churn),3,Soft Claim,primary,Epic Meaning,False,Epic Meaning,Empowerment,empathetic | aspirational | gentle,future_self | real_life_confidence | restart_small | rebuild_confidence,you have unfinished progress,Claim Your 40%,Your progress is waiting,Get 40% Off,Yaad hai jab seekhna shuru kiya tha,Sab kuch abhi bhi wahin hai,Aaj claim kar lo,OK
TPL_0029,Lost Customers,churned,D16-D30 (Post-Churn),4,Half Story,secondary,Empowerment,False,Epic Meaning,Empowerment,empathetic | aspirational | gentle,future_self | real_life_confidence | restart_small | rebuild_confidence,reminding of past progress to rekindle motivation,Your Streak,"was 14 days long, remember?",Restart Now,Yaad Hai Jab,"14 din ka streak banaya tha, yaad hai?",Phir Se Shuru,OK
TPL_0030,Lost Customers,churned,D16-D30 (Post-Churn),5,Real India,secondary,Empowerment,False,Epic Meaning,Empowerment,empathetic | aspirational | gentle,future_self | real_life_confidence | restart_small | rebuild_confidence,rekindle lost confidence with a gentle win-back offer,40% Off,Your English skills are waiting,Claim Now,Yaad hai jab Sia se baat ki...,Ab wahi confidence waapas lao,Offer claim karo,TRUNCATED_message_title_hi
TPL_0031,High-Intent Trialists,trial,D0-D1,1,Sia's Observation,primary,Accomplishment,False,Accomplishment,Ownership,motivating | progress-focused | encouraging,streak_start | milestone_progress | your_learning_path | next_step,"You're making progress, don't stop now",First Step Done,"You started, that's a win",Continue Now,Shuruaat ho gayi,"Aapne shuruaat ki, bas aage badho",Aage badho ab,OK
TPL_0032,High-Intent Trialists,trial,D0-D1,2,The Honest Number,primary,Accomplishment,False,Accomplishment,Ownership,motivating | progress-focused | encouraging,streak_start | milestone_progress | your_learning_path | next_step,Progress feels achievable with small steps,Your First Step,47 words ahead of average learners,Start Lesson,Pehla step le lo,"47 words, average se aage",Lesson shuru karo,OK
TPL_0033,High-Intent Trialists,trial,D0-D1,3,Soft Claim,primary,Accomplishment,False,Accomplishment,Ownership,motivating | progress-focused | encouraging,streak_start | milestone_progress | your_learning_path | next_step,Collect your first lesson with Sia,Your First Lesson,Start with Sia in 2 minutes,Start Now,Pehla Lesson Tumhara Hai,Sia ke saath bas 2 min,Shuru Karein,OK
TPL_0034,High-Intent Trialists,trial,D0-D1,4,Half Story,secondary,Ownership,False,Accomplishment,Ownership,motivating | progress-focused | encouraging,streak_start | milestone_progress | your_learning_path | next_step,taking ownership of English learning,Your Goal,Start first lesson with Sia,Continue Now,Aapka Target,Sia ke saath pehla lesson shuru karo,Ab Shuru Kro,OK
TPL_0035,High-Intent Trialists,trial,D0-D1,5,Real India,secondary,Ownership,False,Accomplishment,Ownership,motivating | progress-focused | encouraging,streak_start | milestone_progress | your_learning_path | next_step,Sia prepares you for real Indian life moments,Ace Office Presentation,Sia has your back for that big meeting,Start Lesson,Presentation ke liye taiyar,Sia aapki presentation mein madad karegi,Shuru karo ab,OK
TPL_0036,High-Intent Trialists,trial,D2-D5,1,Sia's Observation,primary,Accomplishment,False,Accomplishment,Ownership,motivating | progress-focused | encouraging,streak_start | milestone_progress | your_learning_path | next_step,Recognizing the user's consistent effort,2 Days Streak,"You're back again, nice habit",Keep Going,Lagatar 2 din,"Aap wapas aa rahe ho, acchi aadat hai",Aage badho,OK
TPL_0037,High-Intent Trialists,trial,D2-D5,2,The Honest Number,primary,Accomplishment,False,Accomplishment,Ownership,motivating | progress-focused | encouraging,streak_start | milestone_progress | your_learning_path | next_step,celebrating small wins to motivate continued practice,2 Days Strong,"47 words practiced, beating the average 12",Learn Now,Dheere dheere aage badh rahe ho,"47 words seekhe, aur woh bhi sirf 2 din mein",Abhi seekho,OK
TPL_0038,High-Intent Trialists,trial,D2-D5,3,Soft Claim,primary,Accomplishment,False,Accomplishment,Ownership,motivating | progress-focused | encouraging,streak_start | milestone_progress | your_learning_path | next_step,celebrating progress to motivate continuation,Streak Day 2,Collect your bonus coins,Learn Now,Aaj phir se seekho,Bonus coins mil rahe hain,Abhi seekho,OK
TPL_0039,High-Intent Trialists,trial,D2-D5,4,Half Story,secondary,Ownership,False,Accomplishment,Ownership,motivating | progress-focused | encouraging,streak_start | milestone_progress | your_learning_path | next_step,owning progress,Streak On,"2 days in, what's next",Learn Now,Aaj ka time,Din bhar mein ek break,Ab seekho,OK
TPL_0040,High-Intent Trialists,trial,D2-D5,5,Real India,secondary,Ownership,False,Accomplishment,Ownership,motivating | progress-focused | encouraging,streak_start | milestone_progress | your_learning_path | next_step,Taking control of your English skills for real-life moments,Own Your English,Speak confidently in your next office meeting,Learn Now,Apni English ko apne kabu mein,Agli meeting mein khud ko accha dikhao,Ab seekho,OK
TPL_0041,High-Intent Trialists,trial,D6-D7,1,Sia's Observation,primary,Accomplishment,False,Accomplishment,Ownership,motivating | progress-focused | encouraging,streak_start | milestone_progress | your_learning_path | next_step,"You're making progress, don't stop now",Streak Alert,"7 days, 60 words, keep going",Upgrade Now,Teri mehnat sai,"7 din, 60 shabdon ki safar, abhi rukna nahi",Agla kadam lo,OK
TPL_0042,High-Intent Trialists,trial,D6-D7,2,The Honest Number,primary,Accomplishment,False,Accomplishment,Ownership,motivating | progress-focused | encouraging,streak_start | milestone_progress | your_learning_path | next_step,celebrating progress and encouraging upgrade,Learned 47 Words,23 more than average learners this week,Unlock Now,Is hafte 47 words seekhe,"Average se 23 zyada, ek baar dekho",Abhi kholein,OK
TPL_0043,High-Intent Trialists,trial,D6-D7,3,Soft Claim,primary,Accomplishment,False,Accomplishment,Ownership,motivating | progress-focused | encouraging,streak_start | milestone_progress | your_learning_path | next_step,"you're making progress, don't let it slip",Streak On Track,"7 days, 60 words, keep going",Upgrade Now,Teri Streak Chal Rahi Hai,"7 din, 60 words, abhi tak aage badh",Abhi Upgrade Kar,OK
TPL_0044,High-Intent Trialists,trial,D6-D7,4,Half Story,secondary,Ownership,False,Accomplishment,Ownership,motivating | progress-focused | encouraging,streak_start | milestone_progress | your_learning_path | next_step,You're close to unlocking your full potential,Unlock Progress,Continue where you left off,Upgrade Now,Apni tarakki ko unlock karo,Jaha pe chhodha tha waha se shuru karo,Abhi upgrade karo,OK
TPL_0045,High-Intent Trialists,trial,D6-D7,5,Real India,secondary,Ownership,False,Accomplishment,Ownership,motivating | progress-focused | encouraging,streak_start | milestone_progress | your_learning_path | next_step,owning English skills for real-life Indian moments,Speak English Confidently,"Next office presentation, own it",Upgrade Now,"Aapki English, aapke kaam ka hissa",Pehla interview mein confident feel karna hai,Abhi Upgrade Karo,OK
TPL_0046,Slipping Subscribers,paid,D8-D14,1,Sia's Observation,primary,Empowerment,False,Empowerment,Ownership,supportive | gentle | encouraging,easy_restart | continue_where_left | plan_waiting | momentum_recovery,Recognizing the user's ability to come back to the app after a break,Back on track,You always return after a break,Practice now,Wapas aa gaye,Aap hamesha break ke baad wapas aate hain,Ab practice karo,OK
TPL_0047,Slipping Subscribers,paid,D8-D14,2,The Honest Number,primary,Empowerment,False,Empowerment,Ownership,supportive | gentle | encouraging,easy_restart | continue_where_left | plan_waiting | momentum_recovery,empowering users with their progress,Small Wins,"47 words this week, better than average",Practice Now,Chota sa progress,"Is hafte 47 words seekhe, average se zyada",Ab practice karo,OK
TPL_0048,Slipping Subscribers,paid,D8-D14,3,Soft Claim,primary,Empowerment,False,Empowerment,Ownership,supportive | gentle | encouraging,easy_restart | continue_where_left | plan_waiting | momentum_recovery,"Collect your reward, it's already yours",Claim Your Coins,2 minutes secures your coins,Practice Now,Aapke coins intezaar kar rahe,2 min mein coins safe ho jaayenge,Ab practice karo,OK
TPL_0049,Slipping Subscribers,paid,D8-D14,4,Half Story,secondary,Ownership,False,Empowerment,Ownership,supportive | gentle | encouraging,easy_restart | continue_where_left | plan_waiting | momentum_recovery,don't let your progress slip,Streak on Line,2 min saves it,Practice Now,Todna Mat Yaar,Sirf 2 min bacha sakte hain,Ab Shuru Kar,OK
TPL_0050,Slipping Subscribers,paid,D8-D14,5,Real India,secondary,Ownership,False,Empowerment,Ownership,supportive | gentle | encouraging,easy_restart | continue_where_left | plan_waiting | momentum_recovery,don't let your progress slip away,Job Interview,English for that zoom call,Practice Now,Office mein English,Zoom call ke liye taiyaar,Ab practice karo,OK
TPL_0051,Slipping Subscribers,paid,D15-D22,1,Sia's Observation,primary,Empowerment,False,Empowerment,Ownership,supportive | gentle | encouraging,easy_restart | continue_where_left | plan_waiting | momentum_recovery,"You're making progress, don't let it slip",Streak on the line,One session keeps it alive,Start now,Aaj ka lesson mat chhodna,Ek session se streak bacha lena,Shuru karo ab,OK
TPL_0052,Slipping Subscribers,paid,D15-D22,2,The Honest Number,primary,Empowerment,False,Empowerment,Ownership,supportive | gentle | encouraging,easy_restart | continue_where_left | plan_waiting | momentum_recovery,"you're making progress, don't stop now",17 words ahead,"Average learners manage 12, you're getting ahead",Complete now,Teri mehnat 17 shabdon tak,"Average seekers 12 shabdon tak pohachte hain, tu aage badh raha hai",Ab complete kar,OK
TPL_0053,Slipping Subscribers,paid,D15-D22,3,Soft Claim,primary,Empowerment,False,Empowerment,Ownership,supportive | gentle | encouraging,easy_restart | continue_where_left | plan_waiting | momentum_recovery,Your progress is worth keeping,Evening Practice,Collect your progress,Start Now,Shaam ka practice,Apni mehnat ko jodna hai,Shuru karo,OK
TPL_0054,Slipping Subscribers,paid,D15-D22,4,Half Story,secondary,Ownership,False,Empowerment,Ownership,supportive | gentle | encouraging,easy_restart | continue_where_left | plan_waiting | momentum_recovery,take control of your daily English practice,Evening Session,Finish what you started,Start Now,Shaam ka session toh baki hai,Aaj ki mehnat adhoori hai,Chalo shuru karte hain,OK
TPL_0055,Slipping Subscribers,paid,D15-D22,5,Real India,secondary,Ownership,False,Empowerment,Ownership,supportive | gentle | encouraging,easy_restart | continue_where_left | plan_waiting | momentum_recovery,Own your English skills in real-life situations,Office Email,Reply to a client email in English,Start now,Office mein email likhne ka time,Abhi ek email likhna hai,Shuru karo,OK
TPL_0056,Slipping Subscribers,paid,D23-D30,1,Sia's Observation,primary,Empowerment,False,Empowerment,Ownership,supportive | gentle | encouraging,easy_restart | continue_where_left | plan_waiting | momentum_recovery,"You're close to a 7-day streak, don't let it slip",Streak Alert,"You're almost at 7 days, just one session away",Lock it in,Lagta hai streak todne wala hai,"Sirf ek session aur, 7 din ka streak ban jayega",Abhi kar lo,OK
TPL_0057,Slipping Subscribers,paid,D23-D30,2,The Honest Number,primary,Empowerment,False,Empowerment,Ownership,supportive | gentle | encouraging,easy_restart | continue_where_left | plan_waiting | momentum_recovery,"You're close to a 7-day streak, don't let it slip",Streak Alert,"23 words this week, more than average",Open Now,Streak tod mat yaar,"Is hafte 23 words seekhe, average se zyada",Chal na,OK
TPL_0058,Slipping Subscribers,paid,D23-D30,3,Soft Claim,primary,Empowerment,False,Empowerment,Ownership,supportive | gentle | encouraging,easy_restart | continue_where_left | plan_waiting | momentum_recovery,you're close to securing your progress,Streak On Track,One session keeps it safe,Lock Now,Teri mehnat safestay hai,"Ek session kar, safe ho jaayega",Ab lock kar,OK
TPL_0059,Slipping Subscribers,paid,D23-D30,4,Half Story,secondary,Ownership,False,Empowerment,Ownership,supportive | gentle | encouraging,easy_restart | continue_where_left | plan_waiting | momentum_recovery,protect your progress,Streak Alert,one session away from,Open App,Tod mat streak,Ek session aur bas,Chal na,OK
TPL_0060,Slipping Subscribers,paid,D23-D30,5,Real India,secondary,Ownership,False,Empowerment,Ownership,supportive | gentle | encouraging,easy_restart | continue_where_left | plan_waiting | momentum_recovery,own your English progress in real life,Salary Talk,Next office email in English?,Speak Now,Salary negotiation ke liye taiyaar,Office mein English email likhne ka mann hai?,Bolna shuru karo,OK
TPL_0061,Dormant Users,inactive,D1-D5 (Post-Inactivity),1,Sia's Observation,primary,Unpredictability,False,Unpredictability,Empowerment,curiosity-led | supportive | low-pressure,surprise_challenge | easy_restart | two_min_practice | new_prompt,noticing user's quiet pattern,Your Pace,You always come back after a break,Come back,Aapki chal,Aap break ke baad wapas aate hain,Wapas aa jao,OK
TPL_0062,Dormant Users,inactive,D1-D5 (Post-Inactivity),2,The Honest Number,primary,Unpredictability,False,Unpredictability,Empowerment,curiosity-led | supportive | low-pressure,surprise_challenge | easy_restart | two_min_practice | new_prompt,progress is unpredictable and can happen at any time,Slow Progress,"47 words this week, more than average",Come Back,Achanak seekh jaoge,"Is hafte 47 words seekhe, average se zyada",Jab mann kare aa,TRUNCATED_cta_text_hi
TPL_0063,Dormant Users,inactive,D1-D5 (Post-Inactivity),3,The Memory,primary,Unpredictability,True,Unpredictability,Empowerment,curiosity-led | supportive | low-pressure,surprise_challenge | easy_restart | two_min_practice | new_prompt,you had a great streak going,Your Best Day,You once spoke 100 words flawlessly,Come Back,Woh din yaad hai,100 words theek se bol liye the,Jab mann kare,OK
TPL_0064,Dormant Users,inactive,D1-D5 (Post-Inactivity),4,Half Story,secondary,Empowerment,False,Unpredictability,Empowerment,curiosity-led | supportive | low-pressure,surprise_challenge | easy_restart | two_min_practice | new_prompt,Empowerment through gentle reminders,Sia Waits,"Learning paused, but not forgotten",Come Back,Sia tumhare liye wait kar rahi hai,Kabhi kabhi toh ek break lena bhi zaruri hai,Jab mann kare aa,TRUNCATED_cta_text_hi
TPL_0065,Dormant Users,inactive,D1-D5 (Post-Inactivity),5,The Memory,secondary,Empowerment,True,Unpredictability,Empowerment,curiosity-led | supportive | low-pressure,surprise_challenge | easy_restart | two_min_practice | new_prompt,reminding user of their progress,Your Peak Streak,You learned 200 words in a row,Come Back,Aapka sabse accha din,Aapne 200 words ek dum seekhe the,Jab mann kare,OK
TPL_0066,Dormant Users,inactive,D6-D14 (Post-Inactivity),1,Sia's Observation,primary,Unpredictability,False,Unpredictability,Empowerment,curiosity-led | supportive | low-pressure,surprise_challenge | easy_restart | two_min_practice | new_prompt,Sia notices a specific personal pattern in the user's behavior,Your Comeback Pattern,You always return after a break,Say Hi,Tumhe yaad hai woh din?,Aap hamesha wapas aate ho,Sia se baat karo,OK
TPL_0067,Dormant Users,inactive,D6-D14 (Post-Inactivity),2,The Honest Number,primary,Unpredictability,False,Unpredictability,Empowerment,curiosity-led | supportive | low-pressure,surprise_challenge | easy_restart | two_min_practice | new_prompt,reconnect with minimal effort,Sia Awaits,"Just 1 minute, no pressure",Start Now,Sia wait kar rahi hai,"Bas 1 min, koi baat nahi",Chalo shuru karte,OK
TPL_0068,Dormant Users,inactive,D6-D14 (Post-Inactivity),3,The Memory,primary,Unpredictability,True,Unpredictability,Empowerment,curiosity-led | supportive | low-pressure,surprise_challenge | easy_restart | two_min_practice | new_prompt,you had a great streak going,Your Best Streak,You once had a 14-day streak,Say Hi,tera best streak,tere 14 din ka streak yaad hai?,Sia se baat kar,OK
TPL_0069,Dormant Users,inactive,D6-D14 (Post-Inactivity),4,Half Story,secondary,Empowerment,False,Unpredictability,Empowerment,curiosity-led | supportive | low-pressure,surprise_challenge | easy_restart | two_min_practice | new_prompt,Empowerment through small actions,Back on track,Just 1 minute with Sia,Start now,Chalo shuru karte hai,Bas 1 minute Sia ke saath,Shuru karo,OK
TPL_0070,Dormant Users,inactive,D6-D14 (Post-Inactivity),5,Real India,secondary,Empowerment,False,Unpredictability,Empowerment,curiosity-led | supportive | low-pressure,surprise_challenge | easy_restart | two_min_practice | new_prompt,Empowerment through real-life application,Salary Talk,Next salary negotiation?,Talk Now,Salary negotiation ke liye taiyar,Agle salary negotiation mein kya bolege?,Bolne ka practice,OK
TPL_0071,Dormant Users,inactive,D15+ (Post-Inactivity),1,Sia's Observation,primary,Unpredictability,False,Unpredictability,Empowerment,curiosity-led | supportive | low-pressure,surprise_challenge | easy_restart | two_min_practice | new_prompt,You're better than you think at coming back,Back Again,You always return after a break,Claim Now,Wapas aa gaye,Aap hamesha break ke baad wapas aate ho,Ab claim karo,OK
TPL_0072,Dormant Users,inactive,D15+ (Post-Inactivity),2,The Honest Number,primary,Unpredictability,False,Unpredictability,Empowerment,curiosity-led | supportive | low-pressure,surprise_challenge | easy_restart | two_min_practice | new_prompt,discovering unexpected progress,2x Coins,"47 words this week, not bad",Claim Now,vaapas aa gaye,"is hafte 47 words seekhe, khud pata nahi chala",ab shuru karo,OK
TPL_0073,Dormant Users,inactive,D15+ (Post-Inactivity),3,Soft Claim,primary,Unpredictability,False,Unpredictability,Empowerment,curiosity-led | supportive | low-pressure,surprise_challenge | easy_restart | two_min_practice | new_prompt,"You've got a reward waiting, just claim it",2x Coins Waiting,Collect your reward now,Get Coins,Tere 2x coins hai,AbHI claim kar le,Coins lo,OK
TPL_0074,Dormant Users,inactive,D15+ (Post-Inactivity),4,Half Story,secondary,Empowerment,False,Unpredictability,Empowerment,curiosity-led | supportive | low-pressure,surprise_challenge | easy_restart | two_min_practice | new_prompt,Empowerment through small actions,Get Back,Finish what you started,Claim Now,Wapas aa gaye,Bas ek lesson aur,Ab shuru karo,OK
TPL_0075,Dormant Users,inactive,D15+ (Post-Inactivity),5,Real India,secondary,Empowerment,False,Unpredictability,Empowerment,curiosity-led | supportive | low-pressure,surprise_challenge | easy_restart | two_min_practice | new_prompt,Empowering users to feel confident in real-life English interactions,Salary Talk,Next salary negotiation? Sia has your back,Claim Now,Salary ke baat,Agle salary negotiation mein Sia tumhare saath hai,Ab Claim Karo,OK
TPL_0076,At-Risk Trialists,trial,D0-D2,1,Sia's Observation,primary,Loss Avoidance,False,Loss Avoidance,Empowerment,urgent-but-supportive | reassuring,protect_trial_momentum | small_restart | don't_miss_today | quick_ai_practice,protecting trial momentum by acknowledging the user's quiet pattern,You're Back,"Even after missing a day, you're here",Open Sia,Aap waapas aa gaye,Ek din miss karne ke baad bhi aap yahan hain,Sia ko kholo,OK
TPL_0077,At-Risk Trialists,trial,D0-D2,2,The Honest Number,primary,Loss Avoidance,False,Loss Avoidance,Empowerment,urgent-but-supportive | reassuring,protect_trial_momentum | small_restart | don't_miss_today | quick_ai_practice,Don't let your progress slip away,Speak 23 words,More than most learners this week,Open Sia,Aaj 23 words bol kar dekho,Is hafte ke average se zyada,Sia kholo,OK
TPL_0078,At-Risk Trialists,trial,D0-D2,3,Soft Claim,primary,Loss Avoidance,False,Loss Avoidance,Empowerment,urgent-but-supportive | reassuring,protect_trial_momentum | small_restart | don't_miss_today | quick_ai_practice,protecting progress made so far,Save Your Streak,One session keeps it alive,Open Sia,Aaj ka progress bacha lo,"Ek lesson aur, bas itna",Sia ko open karo,OK
TPL_0079,At-Risk Trialists,trial,D0-D2,4,Half Story,secondary,Empowerment,False,Loss Avoidance,Empowerment,urgent-but-supportive | reassuring,protect_trial_momentum | small_restart | don't_miss_today | quick_ai_practice,Empowerment through completing first lesson,Speak English Today,You started with a simple topic,Open Sia,Aaj ek sentence bol lo,Pehla lesson pura karo,Sia ko open karo,OK
TPL_0080,At-Risk Trialists,trial,D0-D2,5,Real India,secondary,Empowerment,False,Loss Avoidance,Empowerment,urgent-but-supportive | reassuring,protect_trial_momentum | small_restart | don't_miss_today | quick_ai_practice,Sia prepares you for real-life English moments,Speak English,Order food in English today,Open Sia,Angrezi mein khana order karo,Aaj ek sentence bolne ki koshish kar,Sia kholo,OK
TPL_0081,At-Risk Trialists,trial,D3-D5,1,Sia's Observation,primary,Loss Avoidance,False,Loss Avoidance,Empowerment,urgent-but-supportive | reassuring,protect_trial_momentum | small_restart | don't_miss_today | quick_ai_practice,Don't let your progress slip away,Progress at Risk,"You've made progress, don't lose it now",Check Now,Aapki mehnat khatre mein hai,"Aapne shuruat ki thi, ab chhodna mat",Ek baar dekho,OK
TPL_0082,At-Risk Trialists,trial,D3-D5,2,The Honest Number,primary,Loss Avoidance,False,Loss Avoidance,Empowerment,urgent-but-supportive | reassuring,protect_trial_momentum | small_restart | don't_miss_today | quick_ai_practice,Don't lose your progress,Progress at risk,"47 words this week, more than average",Check now,Mehnat bikul mat jao,"Is hafte 47 words seekhe, average se zyada",dekho ab,OK
TPL_0083,At-Risk Trialists,trial,D3-D5,3,Soft Claim,primary,Loss Avoidance,False,Loss Avoidance,Empowerment,urgent-but-supportive | reassuring,protect_trial_momentum | small_restart | don't_miss_today | quick_ai_practice,protecting progress made so far,Progress At Risk,One session saves your streak,Check Now,Apni mehnat bacha lo,Ek session se streak safe ho jayega,dekho abhi,OK
TPL_0084,At-Risk Trialists,trial,D3-D5,4,Half Story,secondary,Empowerment,False,Loss Avoidance,Empowerment,urgent-but-supportive | reassuring,protect_trial_momentum | small_restart | don't_miss_today | quick_ai_practice,Empowerment through progress,Progress Unlocked,You're getting closer to fluency,Check Now,Apni mehnat ka natija,Ek hafte mein kitna sudhar hai,dekho ab,OK
TPL_0085,At-Risk Trialists,trial,D3-D5,5,Real India,secondary,Empowerment,False,Loss Avoidance,Empowerment,urgent-but-supportive | reassuring,protect_trial_momentum | small_restart | don't_miss_today | quick_ai_practice,Empowerment through real-life application,Speak Up At Work,Next office presentation?,Check Progress,Office mein bolna seekho,Pehla presentation accha hai na?,dekho progress,OK
TPL_0086,At-Risk Trialists,trial,D6-D7,1,Sia's Observation,primary,Loss Avoidance,False,Loss Avoidance,Empowerment,urgent-but-supportive | reassuring,protect_trial_momentum | small_restart | don't_miss_today | quick_ai_practice,Don't lose your progress now,Last Chance,Your 5-day streak is on the line,Upgrade Now,Abhi bhi waqt hai,Aapka 5 din ka streak bachao,Abhi upgrade karo,OK
TPL_0087,At-Risk Trialists,trial,D6-D7,2,The Honest Number,primary,Loss Avoidance,False,Loss Avoidance,Empowerment,urgent-but-supportive | reassuring,protect_trial_momentum | small_restart | don't_miss_today | quick_ai_practice,Loss of progress is imminent,2 Days Left,Lose 5-day streak and 120 coins,Upgrade Now,Abhi 2 Din Bache,5 din ki mehnat aur 120 coins gayab,Abhi Upgrade Karo,OK
TPL_0088,At-Risk Trialists,trial,D6-D7,3,Soft Claim,primary,Loss Avoidance,False,Loss Avoidance,Empowerment,urgent-but-supportive | reassuring,protect_trial_momentum | small_restart | don't_miss_today | quick_ai_practice,Don't lose your progress,2 Days Left,Save your 5-day streak,Upgrade Now,Bas do din bachte hain,Aapka 5 din ka streak bachao,Abhi Upgrade Karo,OK
TPL_0089,At-Risk Trialists,trial,D6-D7,4,Half Story,secondary,Empowerment,False,Loss Avoidance,Empowerment,urgent-but-supportive | reassuring,protect_trial_momentum | small_restart | don't_miss_today | quick_ai_practice,empowering users to take control of their English learning,Unlock Progress,Start speaking confidently in,Upgrade Now,Apni Progress Ko Bachao,"Ek baar try karo, pehla step le lo",Abhi Upgrade Karo,OK
TPL_0090,At-Risk Trialists,trial,D6-D7,5,Real India,secondary,Empowerment,False,Loss Avoidance,Empowerment,urgent-but-supportive | reassuring,protect_trial_momentum | small_restart | don't_miss_today | quick_ai_practice,Sia prepares you for real-life English conversations,Ace Your Interview,Speak confidently with Sia's help,Upgrade Now,Pehle Interview Mein,"Sia se help le, confidence badhega",Abhi Upgrade Karo,OK
TPL_0091,Community Builders,paid,D8-D14,1,Sia's Observation,primary,Social Influence,False,Social Influence,Ownership,warm | community-oriented | encouraging,peer_progress | group_challenge | community_streak | shared_milestone,you're part of a community that's learning together,New Learners Nearby,3 from your city joined this week,See Now,Aapke sheher se 3 naye seekers,Is hafte humare saath join huye,dekho ab,OK
TPL_0092,Community Builders,paid,D8-D14,2,The Honest Number,primary,Social Influence,False,Social Influence,Ownership,warm | community-oriented | encouraging,peer_progress | group_challenge | community_streak | shared_milestone,you're part of a larger community,New Learners Joined,23 from your city this week,See Community,Aapke shehar se 23 naye log,Is hafte SpeakX join kiya, Dekho kya ho raha,OK
TPL_0093,Community Builders,paid,D8-D14,3,Soft Claim,primary,Social Influence,False,Social Influence,Ownership,warm | community-oriented | encouraging,peer_progress | group_challenge | community_streak | shared_milestone,"Your community is learning, don't miss out",Your City's Top Learners,3 new learners from your city joined,See Now,Aapke shehar ke learners,Aapke shehar ke 3 naye learners join ho gaye, Dekho ab,OK
TPL_0094,Community Builders,paid,D8-D14,4,Half Story,secondary,Ownership,False,Social Influence,Ownership,warm | community-oriented | encouraging,peer_progress | group_challenge | community_streak | shared_milestone,You're close to losing your progress,Streak on line,One lesson away from,Save now,Aaj ka lesson,Ek aur lesson bas,Abhi dekho,OK
TPL_0095,Community Builders,paid,D8-D14,5,Real India,secondary,Ownership,False,Social Influence,Ownership,warm | community-oriented | encouraging,peer_progress | group_challenge | community_streak | shared_milestone,Sia helps with real-life English conversations,Ace Your Next Meeting,Speak confidently with Sia's help,Start Now,Office mein English?,Sia ke saath asaan ho jata hai,Shuru karo,OK
TPL_0096,Community Builders,paid,D15-D22,1,Sia's Observation,primary,Social Influence,False,Social Influence,Ownership,warm | community-oriented | encouraging,peer_progress | group_challenge | community_streak | shared_milestone,you inspire others with your learning consistency,Streak Inspires,Your daily practice motivates others,Invite Friend,Tumhari consistency sabko inspire karti hai,Roz ka practice karne se dusre bhi motivate hote hain,Ek friend ko lao,OK
TPL_0097,Community Builders,paid,D15-D22,2,The Honest Number,primary,Social Influence,False,Social Influence,Ownership,warm | community-oriented | encouraging,peer_progress | group_challenge | community_streak | shared_milestone,you're inspiring others with your learning streak,Streak Inspires,"47 words this week, beating the average",Invite Friend,Tumhari mehnat sabko inspire karti hai,"Is hafte 47 words seekhe, average se aage",Dost ko bulao,OK
TPL_0098,Community Builders,paid,D15-D22,3,Soft Claim,primary,Social Influence,False,Social Influence,Ownership,warm | community-oriented | encouraging,peer_progress | group_challenge | community_streak | shared_milestone,you're close to losing your streak,Streak Alert,"Don't let it slip, one session saves it",Save Now,Streak tod mat yaar,"Ek session kar, streak safe ho jaayega",Abhi bachao,OK
TPL_0099,Community Builders,paid,D15-D22,4,Half Story,secondary,Ownership,False,Social Influence,Ownership,warm | community-oriented | encouraging,peer_progress | group_challenge | community_streak | shared_milestone,you're in control of your progress,Streak Alert,"14 days in, one session away",Continue Now,Apni Streak,"14 din ki mehnat, ab ek lesson aur--",Chal Na,OK
TPL_0100,Community Builders,paid,D15-D22,5,Real India,secondary,Ownership,False,Social Influence,Ownership,warm | community-oriented | encouraging,peer_progress | group_challenge | community_streak | shared_milestone,owning English skills for real-life moments,Salary Talk,"Next salary talk, own it",Invite Friend,Salary baat cheet,"Agli salary baat, apni kar lo",Dost ko lao,OK
TPL_0101,Community Builders,paid,D23-D30,1,Sia's Observation,primary,Social Influence,False,Social Influence,Ownership,warm | community-oriented | encouraging,peer_progress | group_challenge | community_streak | shared_milestone,you're consistent in coming back,Comeback Streak,You always return after a break,Complete Challenge,Tu hamesha wapas aata hai,Break ke baad bhi tu aaya hai,Challenge pura karo,OK
TPL_0102,Community Builders,paid,D23-D30,2,The Honest Number,primary,Social Influence,False,Social Influence,Ownership,warm | community-oriented | encouraging,peer_progress | group_challenge | community_streak | shared_milestone,you're closer to winning the group challenge than you think,Finish Strong,23 words ahead of average learners,Complete Now,Jeet pakad lo,Average se 23 words aage hai,Ab pura karo,OK
TPL_0103,Community Builders,paid,D23-D30,3,Soft Claim,primary,Social Influence,False,Social Influence,Ownership,warm | community-oriented | encouraging,peer_progress | group_challenge | community_streak | shared_milestone,Collect your community reward,Claim Your Reward,Finish the group challenge,Collect Now,"Yaar, tera badge hai",Group challenge poora kar,Abhi collect kar,OK
TPL_0104,Community Builders,paid,D23-D30,4,Half Story,secondary,Ownership,False,Social Influence,Ownership,warm | community-oriented | encouraging,peer_progress | group_challenge | community_streak | shared_milestone,"you're almost there, don't let your progress slip",Streak Alert,One session from a new record,Finish Now,Streak tod mat,Ek lesson aur bas,Aaj karo,OK
TPL_0105,Community Builders,paid,D23-D30,5,Real India,secondary,Ownership,False,Social Influence,Ownership,warm | community-oriented | encouraging,peer_progress | group_challenge | community_streak | shared_milestone,own your english skills in real life situations,Salary Talk,Negotiate with confidence now,Complete Challenge,Salary fixation ka time hai,Ab toh aap khud ki price fix kar sakte hain,Challenge pura karo,OK
TPL_0106,AI-Powered Learners,paid,D8-D14,1,Sia's Observation,primary,Empowerment,False,Empowerment,Accomplishment,coaching | progress-focused | smart,ai_personalized_practice | ai_feedback | fluency_progress | skill_improvement,You're building a consistent English practice habit,Daily Chat,Sia's waiting for you,Start Chat,Roz ka conversation,Sia tera wait kar rahi hai,Chal na baat,OK
TPL_0107,AI-Powered Learners,paid,D8-D14,2,The Honest Number,primary,Empowerment,False,Empowerment,Accomplishment,coaching | progress-focused | smart,ai_personalized_practice | ai_feedback | fluency_progress | skill_improvement,"Empowerment through small, achievable goals",Unlock 23 words,Average learners manage 9. You're ahead,Start now,Aaj 23 words,Sabse 9 hi seekhte hain. Tum toh aage ho,Shuru karo,OK
TPL_0108,AI-Powered Learners,paid,D8-D14,3,Soft Claim,primary,Empowerment,False,Empowerment,Accomplishment,coaching | progress-focused | smart,ai_personalized_practice | ai_feedback | fluency_progress | skill_improvement,Reminding user of their daily AI Tutor session at consistent time,Daily Session,"2 minutes with Sia, that's all",Start Now,Aaj ka session,Sirf 2 min de Sia ko,Chal na shuru,OK
TPL_0109,AI-Powered Learners,paid,D8-D14,4,Half Story,secondary,Accomplishment,False,Empowerment,Accomplishment,coaching | progress-focused | smart,ai_personalized_practice | ai_feedback | fluency_progress | skill_improvement,Locking in daily progress to feel a sense of accomplishment,Streak On Line,One session away from,Start Now,Aaj Ka Session,Ek session aur bas,Shuru Karen,OK
TPL_0110,AI-Powered Learners,paid,D8-D14,5,Real India,secondary,Accomplishment,False,Empowerment,Accomplishment,coaching | progress-focused | smart,ai_personalized_practice | ai_feedback | fluency_progress | skill_improvement,Sia prepares you for real-life English conversations,Salary Talk,"Next salary negotiation, be confident",Talk to Sia,Salary ke baare mein,Abhi office mein English email likhne ki tarayar hai,Chal na Sia ke,TRUNCATED_cta_text_hi
TPL_0111,AI-Powered Learners,paid,D15-D22,1,Sia's Observation,primary,Empowerment,False,Empowerment,Accomplishment,coaching | progress-focused | smart,ai_personalized_practice | ai_feedback | fluency_progress | skill_improvement,You're closer to confident salary negotiation than you think,Salary Talk,Your words matter in a negotiation,Try Now,Paise ki baat hai,Aapki zaroorat ki baat karna seekh lo,Chal na try kar,OK
TPL_0112,AI-Powered Learners,paid,D15-D22,2,The Honest Number,primary,Empowerment,False,Empowerment,Accomplishment,coaching | progress-focused | smart,ai_personalized_practice | ai_feedback | fluency_progress | skill_improvement,"You're making unnoticed progress, own it",Salary Talk,23 new words this week,Try Negotiation,Paise ki baat,Is hafte 23 naye words seekhe,Try karna hai,OK
TPL_0113,AI-Powered Learners,paid,D15-D22,3,Soft Claim,primary,Empowerment,False,Empowerment,Accomplishment,coaching | progress-focused | smart,ai_personalized_practice | ai_feedback | fluency_progress | skill_improvement,Collect your empowerment by taking the next step,Salary Talks,Try salary negotiation role-play today,Try Now,Apni salary ki baat,Aaj ek salary negotiation role-play kar le,Chal na try karta,OK
TPL_0114,AI-Powered Learners,paid,D15-D22,4,Half Story,secondary,Accomplishment,False,Empowerment,Accomplishment,coaching | progress-focused | smart,ai_personalized_practice | ai_feedback | fluency_progress | skill_improvement,Celebrating progress and nudging towards challenging role-plays,Salary Talk,You're 3 role-plays from a raise,Try Now,Salary ke baare mein baat,3 role-plays aur salary badh sakti hai,Aaj Try Kar,OK
TPL_0115,AI-Powered Learners,paid,D15-D22,5,Real India,secondary,Accomplishment,False,Empowerment,Accomplishment,coaching | progress-focused | smart,ai_personalized_practice | ai_feedback | fluency_progress | skill_improvement,you're ready for salary negotiation,Salary Talk,Negotiate like a pro,Try Now,Salary baat,Pro ke tarah negotiate kar,Chal na try,OK
TPL_0116,AI-Powered Learners,paid,D23-D30,1,Sia's Observation,primary,Empowerment,False,Empowerment,Accomplishment,coaching | progress-focused | smart,ai_personalized_practice | ai_feedback | fluency_progress | skill_improvement,You're making progress without realizing it,Unnoticed Progress,"47 words in 6 days, you're getting good",View Report,Chalna toh hai,"6 din mein 47 words seekhe, khud pata nahi chala na?",dekho report,OK
TPL_0117,AI-Powered Learners,paid,D23-D30,2,The Honest Number,primary,Empowerment,False,Empowerment,Accomplishment,coaching | progress-focused | smart,ai_personalized_practice | ai_feedback | fluency_progress | skill_improvement,Empowering users with their progress,23 Days In,"47 words this week, 12 is average",View Report,23 Din Ho Gaye,"Is hafte 47 words seekhe, aam toh 12 hi hote",Pura Report Dekh,OK
TPL_0118,AI-Powered Learners,paid,D23-D30,3,Soft Claim,primary,Empowerment,False,Empowerment,Accomplishment,coaching | progress-focused | smart,ai_personalized_practice | ai_feedback | fluency_progress | skill_improvement,Collect your progress report to see how far you've come,Your Progress,See how far you've come this month,View Report,Tere progress ka report,dekho kitni aage badh chuke ho,dekho ab,OK
TPL_0119,AI-Powered Learners,paid,D23-D30,4,Half Story,secondary,Accomplishment,False,Empowerment,Accomplishment,coaching | progress-focused | smart,ai_personalized_practice | ai_feedback | fluency_progress | skill_improvement,you're close to achieving a significant milestone,Streak on Line,One session away from,View Report,Streak Tod Mat,Ek session aur bas, Dekho Report,OK
TPL_0120,AI-Powered Learners,paid,D23-D30,5,Real India,secondary,Accomplishment,False,Empowerment,Accomplishment,coaching | progress-focused | smart,ai_personalized_practice | ai_feedback | fluency_progress | skill_improvement,Sia has been preparing you for real-life English conversations,Salary Talk,Next salary negotiation? Sia's got you covered,View Report,Salary ke baat,Agli salary negotiation mein akad ke baat karna hai? Sia ne aapko taiyar kiya hai,Report dekh,OK
TPL_0121,Gamified Competitors,paid,D8-D10,1,Sia's Observation,primary,Accomplishment,False,Accomplishment,Scarcity,energetic | challenge-driven | competitive,streak_continuation | points_milestone | rank_jump | time_bound_challenge,You're settling into a competitive rhythm,Rank Check,You're getting competitive,Check Rank,Teri rank kya hai?,Tune competition mein dhakka maar diya,Rank dekho,OK
TPL_0122,Gamified Competitors,paid,D8-D10,2,The Honest Number,primary,Accomplishment,False,Accomplishment,Scarcity,energetic | challenge-driven | competitive,streak_continuation | points_milestone | rank_jump | time_bound_challenge,you're already ahead of others,Your Rank,"47 words this week, beating average",Check Rank,Tera rank kya hai?,"Is hafte 47 words seekhe, average se aage",Rank dekho,OK
TPL_0123,Gamified Competitors,paid,D8-D10,3,Soft Claim,primary,Accomplishment,False,Accomplishment,Scarcity,energetic | challenge-driven | competitive,streak_continuation | points_milestone | rank_jump | time_bound_challenge,"you've earned a rank, now own it",Your Pro Rank,Check your leaderboard spot,See Rank,Tera Pro Rank,Rank dekha yaar?,Rank Dekh,OK
TPL_0124,Gamified Competitors,paid,D8-D10,4,Half Story,secondary,Scarcity,False,Accomplishment,Scarcity,energetic | challenge-driven | competitive,streak_continuation | points_milestone | rank_jump | time_bound_challenge,Your competitive edge is at risk if you don't act now,Losing Ground,Someone's closing in on your rank--,Check Rank,Teri rank ko khatra hai,Koi tera rank todne waala hai--,Rank Dekh,OK
TPL_0125,Gamified Competitors,paid,D8-D10,5,Real India,secondary,Scarcity,False,Accomplishment,Scarcity,energetic | challenge-driven | competitive,streak_continuation | points_milestone | rank_jump | time_bound_challenge,don't let your competitive edge slip,Stay Ahead,Next salary talk?,Check Rank,Aage Rahna Hai,Salary negotiation ke liye taiyar?,Rank Dekh,OK
TPL_0126,Gamified Competitors,paid,D11-D20,1,Sia's Observation,primary,Accomplishment,False,Accomplishment,Scarcity,energetic | challenge-driven | competitive,streak_continuation | points_milestone | rank_jump | time_bound_challenge,"You're consistent, don't let your streak slip",Streak Alert,"You're on a 10-day roll, one session keeps it alive",Practice Now,Aaj streak tod mat,"10 din ki mehnat hai, ab ek lesson aur",Chal na practice karte,OK
TPL_0127,Gamified Competitors,paid,D11-D20,2,The Honest Number,primary,Accomplishment,False,Accomplishment,Scarcity,energetic | challenge-driven | competitive,streak_continuation | points_milestone | rank_jump | time_bound_challenge,"You're making progress, don't lose momentum",Rival Ahead,"47 words this week, stay ahead",Practice Now,Teri rank khatre mein hai,"Is hafte 47 words seekhe, abhi aur",Chal na practice,OK
TPL_0128,Gamified Competitors,paid,D11-D20,3,Soft Claim,primary,Accomplishment,False,Accomplishment,Scarcity,energetic | challenge-driven | competitive,streak_continuation | points_milestone | rank_jump | time_bound_challenge,don't let your progress slip,Streak on Line,One session saves your streak,Practice Now,Tod mat streak,Ek session se bacha le,Chal na practice,OK
TPL_0129,Gamified Competitors,paid,D11-D20,4,Half Story,secondary,Scarcity,False,Accomplishment,Scarcity,energetic | challenge-driven | competitive,streak_continuation | points_milestone | rank_jump | time_bound_challenge,Your progress is at risk due to inactivity,Streak on Line,One session saves your streak,Practice Now,Streak Tod Mat,Bas ek lesson aur,Chal Na,OK
TPL_0130,Gamified Competitors,paid,D11-D20,5,Real India,secondary,Scarcity,False,Accomplishment,Scarcity,energetic | challenge-driven | competitive,streak_continuation | points_milestone | rank_jump | time_bound_challenge,Don't let your rival pass you in English skills,Rival Alert,"User_X just passed you, reclaim now",Practice Now,Teri rank khatre mein hai,"User_X ne teri rank le li, abhi reclaim kar",Abhi practice kar,OK
TPL_0131,Gamified Competitors,paid,D21-D30,1,Sia's Observation,primary,Accomplishment,False,Accomplishment,Scarcity,energetic | challenge-driven | competitive,streak_continuation | points_milestone | rank_jump | time_bound_challenge,acknowledging user's quiet pattern of perseverance,Still Going,You always bounce back,Get Back,Tu hamesha wapas aata hai,"Chal na, phir se shuru karte hain",Abhi chal na,OK
TPL_0132,Gamified Competitors,paid,D21-D30,2,The Honest Number,primary,Accomplishment,False,Accomplishment,Scarcity,energetic | challenge-driven | competitive,streak_continuation | points_milestone | rank_jump | time_bound_challenge,acknowledging progress towards a specific achievement,Rank 12,"47 words this week, 2 spots from Top 10",Push Now,Teri rank ab 12 hai,"Is hafte 47 words seekhe, ab Top 10 mein 2 hi cheez hai",Ab chal na,OK
TPL_0133,Gamified Competitors,paid,D21-D30,3,Soft Claim,primary,Accomplishment,False,Accomplishment,Scarcity,energetic | challenge-driven | competitive,streak_continuation | points_milestone | rank_jump | time_bound_challenge,Claim your Top 10 badge,Top 10 Within Reach,You're 2 spots away from the badge,Claim Now,Teri Top 10 badge hai,Bas 2 spot door hai,Abhi le,OK
TPL_0134,Gamified Competitors,paid,D21-D30,4,Half Story,secondary,Scarcity,False,Accomplishment,Scarcity,energetic | challenge-driven | competitive,streak_continuation | points_milestone | rank_jump | time_bound_challenge,Don't let your Top 10 chance slip away,2 Spots Away,Will you grab it now?,Go Now,Bas 2 spot door,Abhi chance hai yaar--,Chal Na,OK
TPL_0135,Gamified Competitors,paid,D21-D30,5,Real India,secondary,Scarcity,False,Accomplishment,Scarcity,energetic | challenge-driven | competitive,streak_continuation | points_milestone | rank_jump | time_bound_challenge,Don't let your progress slip away,2 Spots Away,Next office email in English?,Push Now,Abhi 2 spot door,Office mein email kaise likhoge?,Chal na,OK
TPL_0136,Core Curriculum Users,paid,D8-D14,1,Sia's Observation,primary,Ownership,False,Ownership,Accomplishment,clear | structured | encouraging,your_learning_path | next_step | weekly_progress | steady_milestone,"You're consistent, even when it's hard",Your daily habit,"You show up, even after a long day",Try AI,Roz ka routine,Office ke baad bhi aap time nikaal lete ho,AI se baat karo,OK
TPL_0137,Core Curriculum Users,paid,D8-D14,2,The Honest Number,primary,Ownership,False,Ownership,Accomplishment,clear | structured | encouraging,your_learning_path | next_step | weekly_progress | steady_milestone,"you're making progress, own it",Your Progress,"23 words this week, above average",Explore AI,Teri mehnat sahi jagah,"Is hafte 23 words seekhe, average se upar",AI Tutor dekho,OK
TPL_0138,Core Curriculum Users,paid,D8-D14,3,Soft Claim,primary,Ownership,False,Ownership,Accomplishment,clear | structured | encouraging,your_learning_path | next_step | weekly_progress | steady_milestone,reminding user of their unfinished learning path,Claim Your Progress,One session secures your progress,Start Now,Apni mehnat ka fal,"Ek session kar, apni mehnat surakshit kar lo",Shuru karo ab,OK
TPL_0139,Core Curriculum Users,paid,D8-D14,4,Half Story,secondary,Accomplishment,False,Ownership,Accomplishment,clear | structured | encouraging,your_learning_path | next_step | weekly_progress | steady_milestone,you're close to a milestone,Streak Alert,3 days to a new record,Check Now,Record todne wala hai,bas 3 din aur,dekho ab,OK
TPL_0140,Core Curriculum Users,paid,D8-D14,5,Real India,secondary,Accomplishment,False,Ownership,Accomplishment,clear | structured | encouraging,your_learning_path | next_step | weekly_progress | steady_milestone,feeling prepared for real-life English conversations,Salary Talk,Negotiate with confidence,Try AI Tutor,Salary fixation ke liye,Chai break pe English practice kar,Ab try karo,OK
TPL_0141,Core Curriculum Users,paid,D15-D22,1,Sia's Observation,primary,Ownership,False,Ownership,Accomplishment,clear | structured | encouraging,your_learning_path | next_step | weekly_progress | steady_milestone,You're consistent with your favorite feature,Your Favorite Feature,You always come back to it,Continue Now,Tumhara pasandida feature,Aap hamesha us par wapas aate ho,Chal na ab,OK
TPL_0142,Core Curriculum Users,paid,D15-D22,2,The Honest Number,primary,Ownership,False,Ownership,Accomplishment,clear | structured | encouraging,your_learning_path | next_step | weekly_progress | steady_milestone,own your progress,Your 13 words lead,"13 words this week, beating the average 7",Learn More,Teri 13 words ki chal,"Is hafte 13 words seekhe, aur average 7 se aage",Aaj seekho,OK
TPL_0143,Core Curriculum Users,paid,D15-D22,3,Soft Claim,primary,Ownership,False,Ownership,Accomplishment,clear | structured | encouraging,your_learning_path | next_step | weekly_progress | steady_milestone,Your progress is worth keeping,Session Saved,One session keeps your streak alive,Continue Now,Aaj ka session mat tod,"Ek session kar, streak salamat rahega",Chal na shuru,OK
TPL_0144,Core Curriculum Users,paid,D15-D22,4,Half Story,secondary,Accomplishment,False,Ownership,Accomplishment,clear | structured | encouraging,your_learning_path | next_step | weekly_progress | steady_milestone,you're close to mastering a key feature,Feature Mastery,3 more sessions to unlock,Continue Now,Abhi tak ka sabse best feature,bas 3 aur sessions--,Chal na shuru karte,OK
TPL_0145,Core Curriculum Users,paid,D15-D22,5,Real India,secondary,Accomplishment,False,Ownership,Accomplishment,clear | structured | encouraging,your_learning_path | next_step | weekly_progress | steady_milestone,You're prepared for real-life English conversations,Ace Office Emails,Sia has you covered for that office email,Start Session,Office Email Maarne Ke Liye,Sia ne aapko office email ke liye taiyar kiya,Chal Na Shuru,OK
TPL_0146,Core Curriculum Users,paid,D23-D30,1,Sia's Observation,primary,Ownership,False,Ownership,Accomplishment,clear | structured | encouraging,your_learning_path | next_step | weekly_progress | steady_milestone,You're consistent in your own way,Your Daily Habit,You log in at the same time daily,Continue Now,Aapki daily routine,Aap har din ek hi samay pe login karte hain,Aage chalo,OK
TPL_0147,Core Curriculum Users,paid,D23-D30,2,The Honest Number,primary,Ownership,False,Ownership,Accomplishment,clear | structured | encouraging,your_learning_path | next_step | weekly_progress | steady_milestone,taking ownership of daily progress,Your 23 Day Streak,"47 words this week, stay ahead",Complete Today,Aaj ka session mat todo,"Is hafte 47 words seekhe, aage badho",chal na pura karo,OK
TPL_0148,Core Curriculum Users,paid,D23-D30,3,Soft Claim,primary,Ownership,False,Ownership,Accomplishment,clear | structured | encouraging,your_learning_path | next_step | weekly_progress | steady_milestone,"your daily routine is already set, just complete it",Daily Routine,Complete your daily routine today,Complete Now,Aaj ka routine poora karo,"Sirf ek session bacha hai, poora kar le",Abhi poora karo,OK
TPL_0149,Core Curriculum Users,paid,D23-D30,4,Half Story,secondary,Accomplishment,False,Ownership,Accomplishment,clear | structured | encouraging,your_learning_path | next_step | weekly_progress | steady_milestone,accomplishment through daily routine,Streak On Line,One session away from,Complete Now,Aaj ka lesson,Ek session aur bas,Chal na complete karo,OK
TPL_0150,Core Curriculum Users,paid,D23-D30,5,Real India,secondary,Accomplishment,False,Ownership,Accomplishment,clear | structured | encouraging,your_learning_path | next_step | weekly_progress | steady_milestone,Sia has been preparing you for real-life English conversations,Negotiate Salary,Sia's lessons help in salary talks,Complete Daily,Salary Badhane Ki Baat,Sia ki classes salary negotiate karne mein help karegi,Aaj Pura Karein,OK
